Date,Country,TotalAmount,AvgAmount,CountOfInvoices,CountOfCustomer
2010-12-01,Australia,358.25,25.589285714285715,1,1
2010-12-01,EIRE,555.38,26.446666666666665,2,1
2010-12-01,France,855.86,42.793,1,1
2010-12-01,Germany,261.48,17.432000000000002,1,1
2010-12-01,Netherlands,192.60000000000002,96.30000000000001,1,1
2010-12-01,Norway,1919.14,26.28958904109589,1,1
2010-12-01,United Kingdom,42233.78,23.502381747356704,114,89
2010-12-02,EIRE,22.5,22.5,1,1
2010-12-02,Germany,155.35,14.122727272727273,1,1
2010-12-02,United Kingdom,47138.68,23.711609657947687,135,97
2010-12-03,Belgium,346.1,28.84166666666667,1,1
2010-12-03,EIRE,2027.85,27.403378378378378,2,2
2010-12-03,France,425.38,18.49478260869565,2,2
2010-12-03,Germany,555.53,26.45380952380952,3,3
2010-12-03,Italy,427.8,17.825,1,1
2010-12-03,Poland,248.16,31.02,1,1
2010-12-03,Portugal,131.8,18.82857142857143,1,1
2010-12-03,Spain,620.0,124.0,1,1
2010-12-03,Switzerland,303.4,50.56666666666666,1,1
2010-12-03,United Kingdom,18835.69,20.407031419284937,44,37
2010-12-05,France,1526.92,24.2368253968254,1,1
2010-12-05,Germany,2476.69,20.812521008403362,4,3
2010-12-05,Japan,320.08,20.005,1,1
2010-12-05,Lithuania,1598.06,47.00176470588235,3,1
2010-12-05,United Kingdom,25849.850000000002,10.440165589660744,78,69
2010-12-06,EIRE,1182.5,32.84722222222222,3,1
2010-12-06,Germany,196.44,14.031428571428572,1,1
2010-12-06,Portugal,129.4,18.485714285714288,1,1
2010-12-06,United Kingdom,29707.3,15.734798728813558,89,79
2010-12-07,France,1448.98,23.75377049180328,2,2
2010-12-07,Germany,596.8,35.10588235294117,1,1
2010-12-07,Iceland,711.79,22.960967741935484,1,1
2010-12-07,United Kingdom,51037.74,50.986753246753246,67,61
2010-12-08,Australia,258.90000000000003,32.362500000000004,1,1
2010-12-08,France,173.55,15.77727272727273,1,1
2010-12-08,Germany,522.7,74.67142857142858,1,1
2010-12-08,Lithuania,63.0,63.0,1,1
2010-12-08,Norway,1867.98,25.24297297297297,1,1
2010-12-08,Portugal,1149.29,21.684716981132073,1,1
2010-12-08,United Kingdom,35213.4,19.628428093645486,105,93
2010-12-09,Channel Islands,363.53,21.384117647058822,1,1
2010-12-09,Denmark,1281.5,64.075,1,1
2010-12-09,EIRE,945.55,29.5484375,1,1
2010-12-09,France,1859.73,20.663666666666668,4,3
2010-12-09,Germany,919.09,26.259714285714285,3,3
2010-12-09,Japan,3794.4,3794.4,1,1
2010-12-09,Portugal,254.03,19.540769230769232,1,1
2010-12-09,Spain,174.72,4.368,1,1
2010-12-09,United Kingdom,28639.35,19.080179880079946,85,78
2010-12-10,EIRE,1156.05,22.66764705882353,1,1
2010-12-10,France,1071.9,66.99375,1,1
2010-12-10,Germany,2360.41,49.17520833333333,2,1
2010-12-10,Portugal,311.95,22.282142857142855,1,1
2010-12-10,United Kingdom,28749.97,22.981590727418066,67,49
2010-12-12,Japan,3590.59,74.80395833333334,1,1
2010-12-12,United Kingdom,13715.18,9.881253602305476,42,41
2010-12-13,Germany,12.45,6.225,1,1
2010-12-13,Spain,881.01,44.0505,1,1
2010-12-13,United Kingdom,26749.22,21.485317269076305,62,57
2010-12-14,Cyprus,1590.82,19.166506024096385,1,1
2010-12-14,Sweden,1188.0,1188.0,1,1
2010-12-14,United Kingdom,26543.48,17.269668184775536,79,71
2010-12-15,France,195.89,2.923731343283582,1,1
2010-12-15,United Kingdom,30115.83,24.644705400981998,69,65
2010-12-16,EIRE,707.0600000000001,39.281111111111116,1,1
2010-12-16,Finland,892.8,52.51764705882353,1,1
2010-12-16,France,4.949999999999999,4.949999999999999,1,1
2010-12-16,United Kingdom,47425.270000000004,29.077418761496016,110,95
2010-12-17,Australia,415.7,41.57,1,1
2010-12-17,Austria,277.2,34.65,1,1
2010-12-17,Belgium,625.16,20.838666666666665,2,2
2010-12-17,EIRE,753.74,19.326666666666668,1,1
2010-12-17,France,350.28,31.84363636363636,2,2
2010-12-17,Germany,4690.82,41.14754385964912,8,7
2010-12-17,Portugal,463.5,21.068181818181817,1,1
2010-12-17,Spain,168.0,16.8,1,1
2010-12-17,Sweden,2646.3,105.852,1,1
2010-12-17,United Kingdom,9655.86,21.3153642384106,37,34
2010-12-19,EIRE,411.1,22.83888888888889,1,1
2010-12-19,Germany,469.87,19.577916666666667,1,1
2010-12-19,United Kingdom,6536.42,14.461106194690265,16,15
2010-12-20,France,1371.19,22.115967741935485,2,2
2010-12-20,Germany,631.96,52.663333333333334,1,1
2010-12-20,Netherlands,70.96000000000001,4.4350000000000005,1,1
2010-12-20,Switzerland,1001.52,23.291162790697673,1,1
2010-12-20,United Kingdom,16546.33,23.77346264367816,45,36
2010-12-21,Belgium,237.93,14.870625,1,1
2010-12-21,EIRE,762.3000000000001,26.286206896551725,1,1
2010-12-21,France,221.28,44.256,2,1
2010-12-21,Italy,383.7,23.98125,1,1
2010-12-21,Netherlands,8520.92,157.79481481481483,1,1
2010-12-21,United Kingdom,5825.53,20.955143884892085,21,18
2010-12-22,Belgium,600.72,16.235675675675676,1,1
2010-12-22,France,110.39999999999999,27.599999999999998,1,1
2010-12-22,United Kingdom,4175.4,23.85942857142857,12,11
2010-12-23,EIRE,289.85,19.323333333333334,1,1
2010-12-23,Germany,1391.55,18.80472972972973,2,2
2010-12-23,United Kingdom,3967.57,16.063036437246964,14,12
2011-01-04,Sweden,547.56,42.12,1,1
2011-01-04,United Kingdom,11577.9,15.795225102319236,34,33
2011-01-05,France,1391.18,18.79972972972973,2,2
2011-01-05,United Kingdom,27412.45,28.173124357656732,46,43
2011-01-06,Australia,7154.38,149.04958333333335,2,2
2011-01-06,France,799.02,17.37,2,2
2011-01-06,United Kingdom,26406.79,22.531390784982936,42,41
2011-01-07,France,1065.09,28.786216216216214,2,2
2011-01-07,Germany,3976.13,17.43916666666667,4,4
2011-01-07,Spain,1138.67,11.619081632653062,1,1
2011-01-07,United Kingdom,17617.9,24.813943661971834,40,38
2011-01-09,EIRE,258.0,19.846153846153847,1,1
2011-01-09,France,114.0,12.666666666666666,1,1
2011-01-09,Portugal,1100.16,21.15692307692308,2,2
2011-01-09,United Kingdom,14306.04,13.9707421875,44,44
2011-01-10,Australia,81.6,81.6,1,1
2011-01-10,France,1238.06,24.7612,1,1
2011-01-10,Germany,682.3299999999999,32.491904761904756,2,2
2011-01-10,Spain,1715.85,18.45,1,1
2011-01-10,United Kingdom,11628.99,18.547033492822965,29,27
2011-01-11,Australia,462.5,24.342105263157894,1,1
2011-01-11,France,1512.6399999999999,50.42133333333333,4,4
2011-01-11,Germany,144.26,16.028888888888886,1,1
2011-01-11,Spain,4564.3,130.40857142857143,2,2
2011-01-11,United Kingdom,53585.08,71.63780748663102,45,39
2011-01-12,Belgium,651.16,21.00516129032258,1,1
2011-01-12,Cyprus,547.5,34.21875,1,1
2011-01-12,France,1415.6299999999999,22.83274193548387,3,3
2011-01-12,Germany,250.65,22.786363636363635,1,1
2011-01-12,United Kingdom,14289.0,18.24904214559387,36,36
2011-01-13,Germany,753.4499999999999,107.63571428571427,1,1
2011-01-13,Italy,1608.66,22.980857142857143,1,1
2011-01-13,United Kingdom,12809.2,19.70646153846154,39,39
2011-01-14,Australia,177.00000000000003,59.00000000000001,1,1
2011-01-14,EIRE,16774.72,409.139512195122,1,1
2011-01-14,France,1790.43,19.675054945054946,3,3
2011-01-14,Germany,534.02,16.688125,3,2
2011-01-14,Netherlands,10389.06,131.50708860759494,1,1
2011-01-14,United Kingdom,9866.79,17.81009025270758,29,29
2011-01-16,United Kingdom,7242.06,11.280467289719628,25,22
2011-01-17,Australia,431.3,22.7,1,1
2011-01-17,France,732.14,34.86380952380952,1,1
2011-01-17,Germany,1316.9,17.32763157894737,2,2
2011-01-17,Poland,613.22,24.5288,1,1
2011-01-17,United Kingdom,13503.79,16.488144078144078,41,40
2011-01-18,EIRE,465.58000000000004,46.55800000000001,1,1
2011-01-18,Germany,132.52,13.252,1,1
2011-01-18,Portugal,2271.62,63.10055555555555,1,1
2011-01-18,Spain,681.05,23.48448275862069,1,1
2011-01-18,United Kingdom,84038.34000000001,189.70279909706548,28,27
2011-01-19,Australia,238.5,18.346153846153847,1,1
2011-01-19,France,752.75,24.282258064516128,1,1
2011-01-19,Germany,63.0,21.0,1,1
2011-01-19,Netherlands,7722.04,234.00121212121212,1,1
2011-01-19,Spain,112.92,4.909565217391305,1,1
2011-01-19,Switzerland,3604.63,28.608174603174604,2,2
2011-01-19,United Kingdom,9152.94,12.659668049792533,26,26
2011-01-20,Australia,87.75,21.9375,1,1
2011-01-20,Belgium,225.60000000000002,20.50909090909091,1,1
2011-01-20,EIRE,2756.84,131.27809523809523,1,1
2011-01-20,France,1516.68,21.065,1,1
2011-01-20,Netherlands,305.28,152.64,1,1
2011-01-20,United Kingdom,10352.58,17.81855421686747,29,25
2011-01-21,Finland,661.58,132.316,1,1
2011-01-21,Italy,341.0,28.416666666666668,1,1
2011-01-21,Netherlands,8060.3,76.04056603773586,1,1
2011-01-21,United Kingdom,15216.88,26.932530973451325,31,29
2011-01-23,France,514.5,42.875,1,1
2011-01-23,United Kingdom,9885.75,11.657724056603774,26,26
2011-01-24,EIRE,282.44,18.829333333333334,1,1
2011-01-24,France,190.2,21.133333333333333,1,1
2011-01-24,Germany,2364.78,28.83878048780488,3,3
2011-01-24,Greece,2661.24,83.16375,1,1
2011-01-24,Spain,157.45,14.313636363636363,1,1
2011-01-24,United Kingdom,11976.26,19.537128874388255,37,36
2011-01-25,Belgium,323.44,20.215,1,1
2011-01-25,Finland,227.44,37.906666666666666,1,1
2011-01-25,France,36.0,36.0,1,1
2011-01-25,Germany,2416.84,30.210500000000003,3,3
2011-01-25,Singapore,2053.07,36.66196428571429,1,1
2011-01-25,United Kingdom,19062.510000000002,18.364653179190753,52,50
2011-01-26,EIRE,802.56,15.433846153846153,1,1
2011-01-26,Germany,1175.76,18.37125,2,2
2011-01-26,Iceland,475.39,16.392758620689655,1,1
2011-01-26,Italy,452.84999999999997,17.41730769230769,1,1
2011-01-26,Portugal,683.9300000000001,22.797666666666668,1,1
2011-01-26,United Kingdom,13900.33,17.55092171717172,47,43
2011-01-27,Channel Islands,675.58,22.519333333333336,1,1
2011-01-27,EIRE,564.05,26.859523809523807,1,1
2011-01-27,Germany,767.99,22.58794117647059,3,3
2011-01-27,Lebanon,1693.88,37.64177777777778,1,1
2011-01-27,Spain,1715.85,18.45,1,1
2011-01-27,United Kingdom,16739.68,15.428276497695853,43,43
2011-01-28,Australia,384.68,19.234,1,1
2011-01-28,France,1079.83,21.17313725490196,3,3
2011-01-28,Sweden,2938.7599999999998,139.94095238095238,1,1
2011-01-28,Switzerland,626.6,18.429411764705883,1,1
2011-01-28,United Kingdom,12243.63,23.63635135135135,31,30
2011-01-30,United Kingdom,6615.75,9.265756302521009,24,22
2011-01-31,France,3591.9700000000003,56.124531250000004,2,2
2011-01-31,Germany,2332.21,19.274462809917356,4,4
2011-01-31,Netherlands,134.48,14.94222222222222,1,1
2011-01-31,United Kingdom,12759.42,15.830545905707195,50,43
2011-02-01,Austria,364.6,26.042857142857144,1,1
2011-02-01,EIRE,797.77,17.72822222222222,1,1
2011-02-01,France,510.85,26.88684210526316,1,1
2011-02-01,Germany,314.15000000000003,28.559090909090912,1,1
2011-02-01,Netherlands,214.45,17.870833333333334,1,1
2011-02-01,Spain,288.98,24.081666666666667,1,1
2011-02-01,Sweden,509.5,42.458333333333336,1,1
2011-02-01,United Kingdom,23376.2,21.25109090909091,51,50
2011-02-02,Austria,153.76,21.965714285714284,1,1
2011-02-02,France,641.39,22.11689655172414,2,2
2011-02-02,Germany,75.60000000000001,75.60000000000001,1,1
2011-02-02,Norway,334.40000000000003,19.67058823529412,1,1
2011-02-02,United Kingdom,15940.08,16.921528662420382,51,50
2011-02-03,Belgium,213.89999999999998,35.65,1,1
2011-02-03,EIRE,788.0600000000001,19.701500000000003,1,1
2011-02-03,Germany,1712.04,39.81488372093023,3,3
2011-02-03,Spain,617.25,19.911290322580644,1,1
2011-02-03,United Kingdom,18852.75,25.86111111111111,39,38
2011-02-04,EIRE,229.6,17.661538461538463,1,1
2011-02-04,France,1236.73,19.63063492063492,1,1
2011-02-04,Japan,45.57,1.2316216216216216,1,1
2011-02-04,Poland,337.2,37.46666666666667,1,1
2011-02-04,Switzerland,693.33,26.66653846153846,2,1
2011-02-04,United Kingdom,15571.880000000001,26.70991423670669,39,36
2011-02-06,United Kingdom,3457.11,12.391075268817204,11,11
2011-02-07,Australia,259.95,25.994999999999997,3,2
2011-02-07,Cyprus,1993.96,21.673478260869565,2,2
2011-02-07,United Kingdom,21161.100000000002,24.836971830985917,33,31
2011-02-08,France,201.86,14.418571428571429,1,1
2011-02-08,Netherlands,1306.28,93.30571428571429,1,1
2011-02-08,Poland,266.85,14.044736842105264,1,1
2011-02-08,United Kingdom,12393.04,21.742175438596494,35,34
2011-02-09,Belgium,84.3,16.86,1,1
2011-02-09,France,455.02,16.852592592592593,1,1
2011-02-09,Germany,168.9,12.992307692307692,1,1
2011-02-09,Japan,5735.24,119.48416666666667,1,1
2011-02-09,Spain,762.11,19.05275,1,1
2011-02-09,United Kingdom,4715.21,15.409183006535947,18,17
2011-02-10,France,321.56,24.735384615384614,1,1
2011-02-10,Germany,351.95,15.997727272727273,2,2
2011-02-10,United Kingdom,13525.0,21.57097288676236,38,37
2011-02-11,Belgium,231.51,16.53642857142857,1,1
2011-02-11,Germany,2355.9500000000003,45.306730769230775,1,1
2011-02-11,United Kingdom,16012.0,34.508620689655174,36,32
2011-02-13,United Kingdom,5713.63,9.381986863711003,20,20
2011-02-14,EIRE,2024.57,26.63907894736842,1,1
2011-02-14,Germany,802.49,21.118157894736843,2,2
2011-02-14,Spain,446.16,34.32,1,1
2011-02-14,United Arab Emirates,889.24,29.641333333333332,1,1
2011-02-14,United Kingdom,18841.53,34.57161467889908,31,31
2011-02-15,Australia,14022.92,203.23072463768116,1,1
2011-02-15,Channel Islands,1784.71,178.471,1,1
2011-02-15,EIRE,4362.5,32.80075187969925,2,1
2011-02-15,France,255.60000000000002,23.236363636363638,1,1
2011-02-15,United Kingdom,17358.920000000002,21.195262515262517,48,43
2011-02-16,Cyprus,1683.9,41.07073170731707,1,1
2011-02-16,Denmark,399.22,19.961000000000002,1,1
2011-02-16,France,919.66,19.159583333333334,1,1
2011-02-16,Israel,779.1,48.69375,1,1
2011-02-16,Norway,296.5,19.766666666666666,1,1
2011-02-16,United Kingdom,19420.84,22.582372093023256,57,51
2011-02-17,Belgium,1119.2,17.4875,2,2
2011-02-17,Cyprus,15.0,15.0,1,1
2011-02-17,EIRE,281.12,20.080000000000002,1,1
2011-02-17,France,250.0,15.625,1,1
2011-02-17,Germany,540.58,33.78625,2,2
2011-02-17,United Kingdom,15468.89,16.300200210748155,48,43
2011-02-18,EIRE,162.7,16.27,1,1
2011-02-18,France,974.6,18.048148148148147,2,2
2011-02-18,Germany,152.4,30.48,1,1
2011-02-18,Italy,256.0,19.692307692307693,1,1
2011-02-18,United Kingdom,12917.36,24.88894026974952,30,29
2011-02-20,United Kingdom,9624.69,11.204528521536671,26,26
2011-02-21,Belgium,192.31,12.820666666666666,1,1
2011-02-21,Cyprus,641.38,29.153636363636362,2,1
2011-02-21,France,746.82,18.215121951219512,2,2
2011-02-21,Germany,1418.29,41.71441176470588,2,2
2011-02-21,Netherlands,18279.48,153.6090756302521,2,1
2011-02-21,Portugal,973.6500000000001,22.643023255813954,1,1
2011-02-21,United Kingdom,10549.8,15.560176991150442,23,23
2011-02-22,Netherlands,3211.7,72.99318181818181,1,1
2011-02-22,United Kingdom,25948.78,23.568374205267936,49,46
2011-02-23,EIRE,1480.2,98.68,1,1
2011-02-23,France,439.76,20.940952380952382,2,1
2011-02-23,Germany,388.3,27.735714285714288,1,1
2011-02-23,United Kingdom,17039.81,18.62274316939891,49,46
2011-02-24,Finland,205.16,17.096666666666668,1,1
2011-02-24,Saudi Arabia,145.92000000000002,16.213333333333335,1,1
2011-02-24,Switzerland,1340.32,25.775384615384613,1,1
2011-02-24,United Kingdom,19781.49,19.094102316602317,50,49
2011-02-25,Belgium,189.9,18.990000000000002,1,1
2011-02-25,Germany,1300.4,27.668085106382982,2,2
2011-02-25,Switzerland,179.35,44.8375,1,1
2011-02-25,United Kingdom,16708.04,22.27738666666667,41,38
2011-02-27,Australia,412.55,41.255,1,1
2011-02-27,France,110.6,22.119999999999997,1,1
2011-02-27,United Kingdom,9003.35,11.32496855345912,31,29
2011-02-28,Belgium,149.95,49.98333333333333,1,1
2011-02-28,Czech Republic,549.26,36.617333333333335,1,1
2011-02-28,France,1451.51,25.02603448275862,4,4
2011-02-28,Portugal,240.25,17.160714285714285,1,1
2011-02-28,Switzerland,441.92,23.258947368421055,1,1
2011-02-28,United Kingdom,12274.130000000001,14.075837155963304,43,41
2011-03-01,Belgium,559.12,21.504615384615384,1,1
2011-03-01,EIRE,2541.15,423.52500000000003,1,1
2011-03-01,Finland,4969.22,25.614536082474228,3,1
2011-03-01,France,1146.26,19.42813559322034,2,2
2011-03-01,Germany,762.5,54.464285714285715,1,1
2011-03-01,Norway,984.6500000000001,123.08125000000001,2,1
2011-03-01,United Kingdom,12668.97,16.03667088607595,46,45
2011-03-02,Channel Islands,828.84,21.252307692307692,1,1
2011-03-02,Japan,15.3,15.3,1,1
2011-03-02,United Kingdom,17842.85,20.991588235294117,40,38
2011-03-03,Australia,16726.84,203.9858536585366,1,1
2011-03-03,Austria,166.04000000000002,41.510000000000005,1,1
2011-03-03,Belgium,410.0,21.57894736842105,1,1
2011-03-03,France,573.16,19.10533333333333,2,1
2011-03-03,Germany,725.28,25.90285714285714,2,2
2011-03-03,United Kingdom,14253.73,18.85414021164021,40,40
2011-03-04,EIRE,1185.49,15.806533333333334,2,1
2011-03-04,France,317.25,19.828125,1,1
2011-03-04,Greece,387.31,17.605,1,1
2011-03-04,Italy,463.63,25.75722222222222,1,1
2011-03-04,Japan,17.549999999999997,5.849999999999999,1,1
2011-03-04,Spain,471.8,20.51304347826087,2,2
2011-03-04,United Kingdom,14479.44,19.862057613168727,37,31
2011-03-06,United Kingdom,9997.42,12.177125456760049,26,24
2011-03-07,Germany,817.5600000000001,17.39489361702128,3,3
2011-03-07,Japan,16.05,1.3375000000000001,1,1
2011-03-07,United Kingdom,19452.07,18.650115052732502,54,45
2011-03-08,Germany,884.63,17.6926,3,3
2011-03-08,Portugal,1570.19,28.039107142857144,1,1
2011-03-08,United Kingdom,19775.79,18.27707024029575,40,37
2011-03-09,Australia,210.9,21.09,1,1
2011-03-09,Channel Islands,1576.3600000000001,19.461234567901236,1,1
2011-03-09,Netherlands,444.8,16.474074074074075,1,1
2011-03-09,Switzerland,439.28,109.82,1,1
2011-03-09,United Kingdom,17674.53,19.72603794642857,47,43
2011-03-10,Channel Islands,1104.13,17.808548387096774,1,1
2011-03-10,Cyprus,938.39,19.549791666666668,1,1
2011-03-10,EIRE,6162.02,97.80984126984127,4,1
2011-03-10,Sweden,122.4,122.4,1,1
2011-03-10,United Kingdom,16104.78,22.152379642365887,45,42
2011-03-11,EIRE,3374.34,1687.17,2,1
2011-03-11,France,712.85,35.6425,1,1
2011-03-11,Germany,987.42,16.457,1,1
2011-03-11,United Kingdom,15821.390000000001,27.903686067019404,44,39
2011-03-13,France,343.29,19.07166666666667,1,1
2011-03-13,United Kingdom,3804.83,7.3737015503875964,15,15
2011-03-14,Belgium,357.07,23.804666666666666,1,1
2011-03-14,Canada,140.54,14.053999999999998,1,1
2011-03-14,EIRE,1825.25,17.894607843137255,3,1
2011-03-14,France,479.40000000000003,22.82857142857143,1,1
2011-03-14,Netherlands,117.92999999999999,14.741249999999999,1,1
2011-03-14,Sweden,4400.28,162.97333333333333,1,1
2011-03-14,United Kingdom,18688.78,20.650585635359114,40,35
2011-03-15,EIRE,3389.6,35.30833333333333,3,3
2011-03-15,France,565.54,19.501379310344827,1,1
2011-03-15,Poland,317.78,35.30888888888889,1,1
2011-03-15,United Kingdom,10663.51,14.997904360056259,36,35
2011-03-16,France,262.8,16.425,2,2
2011-03-16,Germany,300.7,27.336363636363636,1,1
2011-03-16,Spain,1218.95,19.982786885245904,2,2
2011-03-16,United Kingdom,20038.21,26.470554821664464,45,41
2011-03-17,Denmark,3978.9900000000002,209.4205263157895,1,1
2011-03-17,EIRE,381.78,15.271199999999999,1,1
2011-03-17,Germany,1363.2,22.347540983606557,2,2
2011-03-17,Italy,1017.6800000000001,19.95450980392157,1,1
2011-03-17,Norway,120.33000000000001,17.19,1,1
2011-03-17,United Kingdom,25166.96,28.729406392694063,50,45
2011-03-18,EIRE,743.71,16.9025,1,1
2011-03-18,Germany,2390.93,31.459605263157894,5,4
2011-03-18,United Kingdom,20264.100000000002,22.515666666666668,46,43
2011-03-20,Belgium,226.29999999999998,15.086666666666666,1,1
2011-03-20,EIRE,197.8,17.981818181818184,1,1
2011-03-20,Finland,409.2,40.92,1,1
2011-03-20,France,316.02,21.067999999999998,1,1
2011-03-20,Germany,363.93,25.995,2,2
2011-03-20,United Kingdom,18571.55,16.262302977232924,51,50
2011-03-21,Belgium,347.35,17.3675,1,1
2011-03-21,France,205.87,4.678863636363636,2,1
2011-03-21,United Kingdom,15497.83,17.03058241758242,45,45
2011-03-22,France,523.98,16.90258064516129,1,1
2011-03-22,Germany,1319.98,17.599733333333333,3,2
2011-03-22,Netherlands,235.71,19.642500000000002,1,1
2011-03-22,Norway,160.33,20.04125,1,1
2011-03-22,Spain,1085.99,24.68159090909091,1,1
2011-03-22,United Kingdom,15738.3,14.889593188268684,34,34
2011-03-23,Austria,1542.08,110.14857142857143,1,1
2011-03-23,Belgium,614.55,20.485,2,2
2011-03-23,France,1891.28,25.557837837837837,4,3
2011-03-23,Portugal,247.6,15.475,1,1
2011-03-23,United Kingdom,17283.29,19.118683628318585,51,48
2011-03-24,Australia,286.25,17.890625,1,1
2011-03-24,Belgium,837.59,23.26638888888889,2,1
2011-03-24,EIRE,415.45,25.965625,1,1
2011-03-24,Portugal,27.0,27.0,1,1
2011-03-24,Spain,1140.76,33.551764705882356,1,1
2011-03-24,Sweden,197.9,28.271428571428572,1,1
2011-03-24,United Kingdom,33792.19,23.564986052998606,61,57
2011-03-25,EIRE,750.37,17.45046511627907,1,1
2011-03-25,France,357.91,15.561304347826088,1,1
2011-03-25,Germany,2651.34,37.342816901408455,3,3
2011-03-25,Netherlands,1563.51,71.06863636363636,2,2
2011-03-25,Spain,628.15,18.474999999999998,1,1
2011-03-25,Switzerland,490.78000000000003,37.752307692307696,1,1
2011-03-25,United Kingdom,20860.69,26.778806161745827,43,36
2011-03-27,France,164.05,20.50625,1,1
2011-03-27,United Kingdom,9060.35,12.833356940509915,30,30
2011-03-28,EIRE,539.0,13.820512820512821,1,1
2011-03-28,France,1136.3,16.468115942028984,1,1
2011-03-28,Germany,1089.54,19.80981818181818,3,2
2011-03-28,Italy,325.5,23.25,2,1
2011-03-28,Portugal,400.54,16.0216,1,1
2011-03-28,Spain,817.5,163.5,1,1
2011-03-28,United Kingdom,15696.78,14.243901996370237,49,45
2011-03-29,Netherlands,18247.5,175.45673076923077,2,1
2011-03-29,United Kingdom,18943.02,19.98208860759494,48,45
2011-03-30,Finland,558.4,55.839999999999996,1,1
2011-03-30,Germany,418.70000000000005,59.814285714285724,1,1
2011-03-30,Netherlands,1807.04,112.94,1,1
2011-03-30,Switzerland,940.1700000000001,22.9309756097561,1,1
2011-03-30,United Kingdom,25863.11,21.697239932885907,62,59
2011-03-31,EIRE,168.4,18.711111111111112,1,1
2011-03-31,France,5593.59,77.68875,3,2
2011-03-31,Germany,316.98,39.6225,2,2
2011-03-31,Portugal,415.52000000000004,25.970000000000002,1,1
2011-03-31,United Kingdom,19194.12,21.000131291028445,52,51
2011-04-01,Australia,350.0,350.0,1,1
2011-04-01,EIRE,1407.19,21.002835820895523,1,1
2011-04-01,France,390.75,32.5625,2,2
2011-04-01,Germany,348.68,34.868,1,1
2011-04-01,United Kingdom,22090.2,21.384511132623427,63,54
2011-04-03,United Kingdom,6918.5,9.622392211404728,19,18
2011-04-04,EIRE,2448.1200000000003,84.41793103448278,2,2
2011-04-04,France,719.55,25.698214285714283,2,2
2011-04-04,Germany,674.29,24.08178571428571,2,1
2011-04-04,Singapore,6090.84,1218.1680000000001,2,1
2011-04-04,United Kingdom,19084.97,17.17819081908191,46,43
2011-04-05,Finland,367.0,73.4,1,1
2011-04-05,France,1136.3,1136.3,1,1
2011-04-05,Japan,3599.38,112.480625,1,1
2011-04-05,Netherlands,2284.2,152.28,2,1
2011-04-05,Poland,705.84,28.233600000000003,1,1
2011-04-05,Singapore,2118.74,40.745,1,1
2011-04-05,United Kingdom,18547.91,22.983779429987607,39,39
2011-04-06,EIRE,955.99,14.707538461538462,1,1
2011-04-06,United Kingdom,11766.33,16.03042234332425,36,35
2011-04-07,Belgium,255.36,14.186666666666667,1,1
2011-04-07,EIRE,583.41,17.67909090909091,2,1
2011-04-07,France,366.2,15.258333333333333,1,1
2011-04-07,Germany,415.7,17.320833333333333,1,1
2011-04-07,Iceland,636.25,26.510416666666668,1,1
2011-04-07,Italy,482.79,34.485,1,1
2011-04-07,United Kingdom,14088.06,12.134418604651163,54,51
2011-04-08,Australia,421.6,24.8,1,1
2011-04-08,Germany,1672.01,24.232028985507245,2,2
2011-04-08,Greece,609.74,19.669032258064515,1,1
2011-04-08,Portugal,481.46000000000004,22.92666666666667,1,1
2011-04-08,United Kingdom,19535.9,22.04954853273138,60,58
2011-04-10,Belgium,476.49,18.326538461538462,1,1
2011-04-10,United Kingdom,9437.49,10.405170893054024,31,30
2011-04-11,EIRE,998.53,16.36934426229508,2,1
2011-04-11,Finland,373.72,17.79619047619048,1,1
2011-04-11,Germany,630.32,15.007619047619048,2,2
2011-04-11,Spain,269.95,17.996666666666666,1,1
2011-04-11,United Kingdom,17612.52,17.89890243902439,52,48
2011-04-11,Unspecified,299.1,18.69375,1,1
2011-04-12,Belgium,350.57,17.5285,1,1
2011-04-12,United Kingdom,23673.39,22.396773888363292,59,53
2011-04-13,Channel Islands,293.0,32.55555555555556,1,1
2011-04-13,Portugal,1206.29,21.540892857142858,1,1
2011-04-13,United Kingdom,22985.13,24.043023012552304,58,52
2011-04-14,France,669.2,21.58709677419355,1,1
2011-04-14,Germany,3440.31,32.152429906542054,6,5
2011-04-14,Switzerland,669.25,29.097826086956523,1,1
2011-04-14,United Kingdom,30923.940000000002,23.480592255125288,74,68
2011-04-15,Belgium,142.16,12.923636363636364,1,1
2011-04-15,Brazil,1143.6,35.7375,1,1
2011-04-15,Finland,306.2,30.619999999999997,1,1
2011-04-15,Sweden,486.1,22.095454545454547,1,1
2011-04-15,Switzerland,219.0,109.5,1,1
2011-04-15,United Kingdom,15724.421,22.33582528409091,36,35
2011-04-17,EIRE,446.74,17.869600000000002,1,1
2011-04-17,France,630.22,20.32967741935484,2,2
2011-04-17,United Kingdom,11648.54,12.800593406593407,39,36
2011-04-18,Belgium,269.65999999999997,22.471666666666664,1,1
2011-04-18,Germany,222.75,222.75,1,1
2011-04-18,Japan,2949.12,210.65142857142857,1,1
2011-04-18,United Kingdom,40272.03,29.01443083573487,59,53
2011-04-19,EIRE,367.62,17.505714285714287,1,1
2011-04-19,Germany,2614.6,32.6825,3,3
2011-04-19,Italy,255.04000000000002,31.880000000000003,1,1
2011-04-19,USA,383.95,17.452272727272728,1,1
2011-04-19,United Kingdom,15231.83,14.451451612903226,47,46
2011-04-20,France,541.2,30.06666666666667,1,1
2011-04-20,Germany,417.6,29.82857142857143,1,1
2011-04-20,Switzerland,179.0,179.0,1,1
2011-04-20,United Kingdom,24581.15,27.996753986332575,59,55
2011-04-21,Finland,642.0,160.5,1,1
2011-04-21,France,706.55,15.70111111111111,2,2
2011-04-21,Germany,382.6,16.63478260869565,2,2
2011-04-21,Spain,1079.4,18.610344827586207,1,1
2011-04-21,Switzerland,1009.69,18.697962962962965,1,1
2011-04-21,United Kingdom,23984.23,19.986858333333334,64,57
2011-04-26,Austria,680.78,26.183846153846154,2,2
2011-04-26,European Community,191.4,17.400000000000002,1,1
2011-04-26,France,160.54000000000002,5.733571428571429,1,1
2011-04-26,United Kingdom,20551.69,17.94907423580786,55,51
2011-04-27,EIRE,362.9,72.58,1,1
2011-04-27,Germany,1209.8,35.58235294117647,1,1
2011-04-27,Sweden,323.0,26.916666666666668,1,1
2011-04-27,United Kingdom,21697.5,21.828470824949697,58,53
2011-04-28,Belgium,495.24,17.077241379310344,1,1
2011-04-28,France,209.10000000000002,26.137500000000003,1,1
2011-04-28,Germany,286.88,35.86,1,1
2011-04-28,Netherlands,692.36,76.92888888888889,1,1
2011-04-28,Spain,436.3,18.969565217391306,1,1
2011-04-28,United Kingdom,19203.41,20.85060803474484,50,44
2011-05-01,Germany,1094.33,33.16151515151515,1,1
2011-05-01,United Kingdom,5879.33,14.167060240963854,17,17
2011-05-03,EIRE,1164.21,17.120735294117647,2,1
2011-05-03,France,1823.3400000000001,35.064230769230775,6,3
2011-05-03,United Kingdom,25922.86,30.003310185185185,51,46
2011-05-04,Canada,534.24,534.24,1,1
2011-05-04,Germany,822.74,22.236216216216217,4,3
2011-05-04,Spain,1380.1100000000001,33.661219512195125,1,1
2011-05-04,United Kingdom,24794.91,23.36937794533459,56,50
2011-05-05,Belgium,149.97,13.633636363636363,1,1
2011-05-05,EIRE,366.86,15.950434782608696,1,1
2011-05-05,France,236.0,21.454545454545453,1,1
2011-05-05,Germany,440.38,44.038,2,2
2011-05-05,Poland,154.8,14.072727272727274,1,1
2011-05-05,Switzerland,2388.31,25.40755319148936,1,1
2011-05-05,United Kingdom,21496.35,20.492230695900858,75,69
2011-05-06,Austria,165.85000000000002,27.64166666666667,1,1
2011-05-06,Belgium,381.08,18.146666666666665,1,1
2011-05-06,EIRE,3869.18,193.459,1,1
2011-05-06,Germany,246.07999999999998,27.34222222222222,1,1
2011-05-06,Spain,522.6,34.84,1,1
2011-05-06,United Kingdom,25601.91,20.76391727493917,72,59
2011-05-08,EIRE,862.53,17.60265306122449,1,1
2011-05-08,France,1092.43,17.61983870967742,1,1
2011-05-08,United Kingdom,16912.44,12.175982721382288,61,56
2011-05-09,Bahrain,459.40000000000003,35.338461538461544,1,1
2011-05-09,France,554.9,20.55185185185185,2,2
2011-05-09,Germany,667.11,20.215454545454545,1,1
2011-05-09,Switzerland,315.3,21.02,1,1
2011-05-09,United Kingdom,19627.7,20.25562435500516,58,54
2011-05-10,Belgium,480.9,21.85909090909091,1,1
2011-05-10,France,489.1,16.303333333333335,1,1
2011-05-10,Germany,797.05,31.881999999999998,2,2
2011-05-10,United Kingdom,27250.97,23.17259353741497,65,58
2011-05-10,Unspecified,852.6800000000001,18.14212765957447,1,1
2011-05-11,Denmark,515.7,27.142105263157898,1,1
2011-05-11,France,3018.73,30.803367346938774,2,2
2011-05-11,Germany,375.0,22.058823529411764,1,1
2011-05-11,Netherlands,824.4,91.6,2,1
2011-05-11,Sweden,8.5,8.5,1,1
2011-05-11,United Kingdom,27145.37,20.5802653525398,66,50
2011-05-12,Australia,475.16,20.65913043478261,1,1
2011-05-12,Belgium,181.82,13.986153846153845,1,1
2011-05-12,France,296.53,24.71083333333333,1,1
2011-05-12,Germany,12165.25,75.56055900621118,6,4
2011-05-12,Netherlands,16478.46,152.57833333333332,3,1
2011-05-12,Portugal,1160.5500000000002,15.072077922077925,2,1
2011-05-12,Sweden,2557.88,159.8675,1,1
2011-05-12,United Kingdom,26585.91,19.795912137006702,69,58
2011-05-13,France,1000.51,18.877547169811322,3,3
2011-05-13,Germany,881.1999999999999,48.95555555555555,2,1
2011-05-13,Japan,1351.45,112.62083333333334,1,1
2011-05-13,United Kingdom,22652.670000000002,22.121748046875002,61,47
2011-05-15,EIRE,603.78,33.54333333333333,1,1
2011-05-15,France,151.4,15.14,1,1
2011-05-15,United Kingdom,8924.87,12.142680272108844,28,27
2011-05-16,EIRE,4615.36,33.44463768115942,4,3
2011-05-16,France,756.62,30.2648,3,3
2011-05-16,United Kingdom,30334.72,29.76910696761531,57,46
2011-05-17,Australia,11924.800000000001,163.35342465753425,1,1
2011-05-17,Belgium,297.38,16.52111111111111,1,1
2011-05-17,Channel Islands,293.0,293.0,1,1
2011-05-17,France,793.62,17.636,1,1
2011-05-17,Germany,760.28,20.007368421052632,1,1
2011-05-17,United Kingdom,32337.010000000002,28.76958185053381,67,51
2011-05-18,EIRE,1414.3600000000001,23.57266666666667,1,1
2011-05-18,France,869.53,31.054642857142856,3,3
2011-05-18,Netherlands,732.4,146.48,1,1
2011-05-18,Sweden,115.60000000000001,57.800000000000004,1,1
2011-05-18,United Kingdom,29750.98,27.93519248826291,65,56
2011-05-19,Bahrain,89.0,22.25,1,1
2011-05-19,Channel Islands,914.24,27.704242424242423,1,1
2011-05-19,EIRE,1203.8,26.169565217391302,2,1
2011-05-19,France,914.51,17.58673076923077,2,2
2011-05-19,Germany,2081.12,20.8112,6,5
2011-05-19,United Kingdom,26350.84,20.474623154623156,80,72
2011-05-20,Australia,766.36,191.59,1,1
2011-05-20,EIRE,380.32,16.535652173913043,1,1
2011-05-20,France,1118.4,79.88571428571429,1,1
2011-05-20,Netherlands,294.72,22.67076923076923,1,1
2011-05-20,United Kingdom,22929.86,25.39297895902547,65,54
2011-05-22,France,910.71,20.238,2,2
2011-05-22,Germany,1703.81,17.565051546391754,2,2
2011-05-22,United Kingdom,21616.57,15.320035435861092,57,53
2011-05-23,Australia,472.09,27.77,1,1
2011-05-23,Austria,1083.58,24.079555555555554,1,1
2011-05-23,Belgium,514.82,18.386428571428574,3,2
2011-05-23,EIRE,1007.75,19.379807692307693,1,1
2011-05-23,France,421.96000000000004,21.098000000000003,1,1
2011-05-23,Germany,1021.6500000000001,22.703333333333337,4,4
2011-05-23,Portugal,3041.6800000000003,1013.8933333333334,3,1
2011-05-23,United Kingdom,23743.96,22.08740465116279,50,44
2011-05-24,France,393.34000000000003,30.25692307692308,1,1
2011-05-24,Germany,293.25,19.55,1,1
2011-05-24,United Kingdom,31775.89,30.642131147540983,60,51
2011-05-25,France,1280.82,20.65838709677419,3,3
2011-05-25,Netherlands,1392.0,1392.0,1,1
2011-05-25,Poland,1367.57,23.578793103448273,2,2
2011-05-25,United Kingdom,17844.54,20.186131221719457,54,46
2011-05-26,EIRE,494.04,17.644285714285715,3,1
2011-05-26,France,630.5,25.22,2,2
2011-05-26,Germany,1027.53,19.028333333333332,5,3
2011-05-26,Netherlands,8980.880000000001,179.6176,1,1
2011-05-26,Spain,48.4,24.2,1,1
2011-05-26,United Kingdom,21583.03,29.728691460055096,49,42
2011-05-27,Belgium,726.43,21.365588235294116,1,1
2011-05-27,France,403.09000000000003,19.194761904761908,1,1
2011-05-27,Germany,716.73,18.861315789473686,1,1
2011-05-27,United Kingdom,19317.07,25.790480640854472,53,46
2011-05-29,Germany,582.73,19.424333333333333,1,1
2011-05-29,United Kingdom,6811.57,11.352616666666666,23,19
2011-05-31,France,458.84000000000003,25.491111111111113,1,1
2011-05-31,Germany,74.96,18.74,1,1
2011-05-31,Italy,587.45,25.541304347826088,1,1
2011-05-31,Netherlands,483.02,16.655862068965515,2,2
2011-05-31,Spain,1306.49,27.797659574468085,1,1
2011-05-31,Switzerland,906.4000000000001,21.580952380952382,1,1
2011-05-31,United Kingdom,14377.49,19.272774798927614,44,41
2011-06-01,Belgium,84.92,16.984,1,1
2011-06-01,Germany,672.19,19.205428571428573,1,1
2011-06-01,Netherlands,5422.8,208.56923076923078,2,1
2011-06-01,United Kingdom,9210.98,14.505480314960629,33,32
2011-06-02,Germany,1992.21,11.319375,2,2
2011-06-02,Sweden,121.55,24.31,1,1
2011-06-02,United Kingdom,25990.8,30.541480611045827,39,30
2011-06-03,Cyprus,1109.32,23.60255319148936,1,1
2011-06-03,Germany,68.1,17.025,1,1
2011-06-03,Netherlands,419.8,27.986666666666668,1,1
2011-06-03,Poland,25.0,25.0,1,1
2011-06-03,Spain,264.4,20.338461538461537,1,1
2011-06-03,United Kingdom,13155.64,23.080070175438596,36,32
2011-06-05,Belgium,1296.1200000000001,18.255211267605635,2,2
2011-06-05,European Community,387.05,20.371052631578948,1,1
2011-06-05,France,3442.51,49.89144927536232,3,3
2011-06-05,Germany,1002.63,17.59,2,2
2011-06-05,United Kingdom,19511.23,14.571493651979088,59,54
2011-06-06,EIRE,958.12,21.291555555555554,1,1
2011-06-06,European Community,45.0,45.0,1,1
2011-06-06,France,371.45,20.63611111111111,1,1
2011-06-06,Germany,512.8,18.99259259259259,1,1
2011-06-06,Netherlands,427.58,17.1032,1,1
2011-06-06,Spain,357.99,15.564782608695653,1,1
2011-06-06,United Kingdom,13618.04,15.114361820199779,50,48
2011-06-07,Belgium,607.5500000000001,16.87638888888889,1,1
2011-06-07,EIRE,254.31,19.56230769230769,1,1
2011-06-07,Italy,159.11,17.678888888888892,1,1
2011-06-07,Portugal,243.2,17.37142857142857,1,1
2011-06-07,United Kingdom,32644.09,23.62090448625181,67,64
2011-06-08,Belgium,99.45,19.89,1,1
2011-06-08,EIRE,3351.32,51.55876923076924,2,1
2011-06-08,France,1598.08,19.729382716049383,4,3
2011-06-08,Malta,833.1600000000001,18.935454545454547,1,1
2011-06-08,Portugal,151.95,16.883333333333333,1,1
2011-06-08,Switzerland,612.6800000000001,38.292500000000004,1,1
2011-06-08,United Kingdom,23545.49,18.912040160642572,72,63
2011-06-09,Belgium,130.08,26.016000000000002,1,1
2011-06-09,Denmark,1621.25,33.08673469387755,1,1
2011-06-09,EIRE,984.27,20.505625,2,1
2011-06-09,France,1030.59,18.403392857142855,2,2
2011-06-09,Germany,475.14,39.595,2,2
2011-06-09,Iceland,382.52,21.25111111111111,1,1
2011-06-09,Italy,42.96,42.96,1,1
2011-06-09,Netherlands,84.0,16.8,1,1
2011-06-09,Spain,912.66,19.013749999999998,1,1
2011-06-09,Sweden,319.95,29.086363636363636,1,1
2011-06-09,United Kingdom,36926.96,32.27881118881119,69,64
2011-06-10,France,480.0,160.0,1,1
2011-06-10,Germany,627.4,69.71111111111111,1,1
2011-06-10,Switzerland,6207.08,96.985625,1,1
2011-06-10,United Kingdom,50930.64,82.67961038961039,41,38
2011-06-12,France,360.18,25.72714285714286,1,1
2011-06-12,Germany,583.2,44.861538461538466,1,1
2011-06-12,United Kingdom,11528.83,11.096082771896054,36,36
2011-06-13,EIRE,821.32,19.555238095238096,1,1
2011-06-13,France,2399.62,24.738350515463917,3,3
2011-06-13,Germany,2557.64,22.633982300884956,3,3
2011-06-13,United Kingdom,13940.53,15.968533791523482,45,42
2011-06-14,United Kingdom,33334.47,32.680852941176475,52,42
2011-06-15,Australia,23426.81,168.53820143884894,2,1
2011-06-15,EIRE,4483.58,144.6316129032258,2,1
2011-06-15,France,1586.67,26.010983606557378,4,3
2011-06-15,Portugal,489.31,19.572400000000002,1,1
2011-06-15,United Kingdom,15091.17,14.609070667957406,41,36
2011-06-16,EIRE,1012.86,30.69272727272727,1,1
2011-06-16,France,510.27,18.22392857142857,1,1
2011-06-16,Germany,683.35,56.94583333333333,2,1
2011-06-16,Poland,318.65000000000003,21.243333333333336,1,1
2011-06-16,Spain,1137.99,18.655573770491802,1,1
2011-06-16,United Kingdom,28644.65,25.805990990990992,75,69
2011-06-17,Belgium,992.02,19.07730769230769,2,2
2011-06-17,Channel Islands,2060.0299999999997,25.432469135802467,1,1
2011-06-17,EIRE,626.13,18.973636363636363,1,1
2011-06-17,France,1359.58,61.79909090909091,1,1
2011-06-17,United Kingdom,14021.47,20.958849028400596,41,30
2011-06-19,EIRE,303.3,21.664285714285715,1,1
2011-06-19,France,125.46000000000001,17.922857142857143,1,1
2011-06-19,Netherlands,5683.06,109.28961538461539,1,1
2011-06-19,Spain,564.97,18.22483870967742,3,3
2011-06-19,United Kingdom,15765.39,14.971880341880341,54,51
2011-06-20,Canada,1171.46,20.551929824561405,1,1
2011-06-20,Denmark,1125.4,38.806896551724144,1,1
2011-06-20,France,734.5600000000001,33.38909090909091,2,2
2011-06-20,Germany,1965.74,23.683614457831325,1,1
2011-06-20,Netherlands,154.67000000000002,2.621525423728814,1,1
2011-06-20,Norway,3316.66,44.22213333333333,2,1
2011-06-20,United Kingdom,17482.46,21.063204819277107,50,41
2011-06-20,Unspecified,185.78,20.642222222222223,1,1
2011-06-21,EIRE,147.4,49.13333333333333,1,1
2011-06-21,France,257.3,21.441666666666666,1,1
2011-06-21,Germany,427.76,17.823333333333334,1,1
2011-06-21,Netherlands,637.72,16.351794871794873,1,1
2011-06-21,Norway,1870.2,20.78,1,1
2011-06-21,United Kingdom,16510.28,20.28289926289926,43,40
2011-06-22,Belgium,459.84,22.991999999999997,1,1
2011-06-22,EIRE,1019.2,21.685106382978724,2,2
2011-06-22,France,852.44,25.071764705882355,2,2
2011-06-22,Japan,1607.04,267.84,1,1
2011-06-22,Malta,30.0,30.0,1,1
2011-06-22,Norway,700.0,700.0,1,1
2011-06-22,United Kingdom,16501.9,18.81630558722919,49,47
2011-06-23,Belgium,440.94,16.959230769230768,1,1
2011-06-23,Denmark,514.5,18.375,1,1
2011-06-23,EIRE,372.3,18.615000000000002,2,1
2011-06-23,Finland,329.56,25.35076923076923,1,1
2011-06-23,Germany,276.93,17.308125,1,1
2011-06-23,Sweden,390.5,20.55263157894737,1,1
2011-06-23,United Kingdom,20232.08,13.91477303988996,62,58
2011-06-24,EIRE,1000.3100000000001,24.39780487804878,2,1
2011-06-24,France,634.74,20.475483870967743,1,1
2011-06-24,Germany,185.64000000000001,20.62666666666667,1,1
2011-06-24,Switzerland,417.36,23.186666666666667,1,1
2011-06-24,United Kingdom,13783.66,21.844152139461173,40,36
2011-06-26,Germany,44.25,44.25,1,1
2011-06-26,Spain,95.19999999999999,19.04,1,1
2011-06-26,Switzerland,667.03,24.704814814814814,1,1
2011-06-26,United Kingdom,6276.01,9.899069400630916,23,21
2011-06-27,EIRE,816.32,17.74608695652174,2,1
2011-06-27,France,201.24,20.124000000000002,1,1
2011-06-27,United Kingdom,12394.64,16.97895890410959,32,29
2011-06-28,France,134.28,16.785,1,1
2011-06-28,Netherlands,14028.460000000001,136.19864077669905,3,1
2011-06-28,United Kingdom,16369.630000000001,24.215428994082842,45,39
2011-06-29,EIRE,2928.8900000000003,104.6032142857143,2,2
2011-06-29,United Kingdom,9641.74,18.260871212121213,37,34
2011-06-30,Australia,1760.96,58.69866666666667,2,1
2011-06-30,Belgium,163.9,16.39,1,1
2011-06-30,EIRE,756.36,25.212,1,1
2011-06-30,Germany,1199.12,19.340645161290322,3,3
2011-06-30,United Kingdom,37862.7,35.71952830188679,58,49
2011-07-01,EIRE,1794.18,32.62145454545455,3,3
2011-07-01,France,451.86,17.37923076923077,2,2
2011-07-01,Germany,71.4,17.85,1,1
2011-07-01,Switzerland,360.8,27.753846153846155,1,1
2011-07-01,United Kingdom,9511.05,12.922622282608694,35,28
2011-07-03,United Kingdom,6032.39,10.087608695652175,25,24
2011-07-04,France,474.36,29.6475,1,1
2011-07-04,Germany,1418.1,22.87258064516129,3,3
2011-07-04,Spain,4146.34,276.42266666666666,1,1
2011-07-04,United Kingdom,24946.37,29.804504181600954,32,27
2011-07-05,EIRE,205.60000000000002,29.371428571428574,1,1
2011-07-05,Finland,632.44,31.622000000000003,1,1
2011-07-05,France,662.35,20.6984375,1,1
2011-07-05,United Kingdom,24491.87,33.05245614035088,61,55
2011-07-06,Belgium,719.06,21.78969696969697,1,1
2011-07-06,France,1056.62,17.610333333333333,1,1
2011-07-06,Spain,230.5,17.73076923076923,2,2
2011-07-06,Sweden,2825.1,141.255,1,1
2011-07-06,United Kingdom,18129.2,16.391681735985536,61,56
2011-07-07,Belgium,303.76,15.987368421052631,1,1
2011-07-07,Germany,1224.86,24.4972,3,2
2011-07-07,Spain,463.37,17.821923076923078,2,2
2011-07-07,United Kingdom,25901.670000000002,22.4645880312229,67,62
2011-07-08,France,1193.25,18.079545454545453,3,3
2011-07-08,Germany,1001.69,16.421147540983608,2,2
2011-07-08,Switzerland,626.88,18.43764705882353,1,1
2011-07-08,United Kingdom,14736.48,23.65406099518459,40,36
2011-07-10,United Kingdom,5993.87,7.354441717791411,24,20
2011-07-11,Canada,1217.64,15.813506493506495,1,1
2011-07-11,France,611.08,19.09625,2,2
2011-07-11,Greece,421.24,17.551666666666666,1,1
2011-07-11,Spain,312.9,4.670149253731343,1,1
2011-07-11,United Kingdom,17517.170000000002,20.157848101265824,43,38
2011-07-12,Austria,484.86,40.405,1,1
2011-07-12,France,1223.85,17.23732394366197,4,3
2011-07-12,Germany,558.96,15.107027027027028,3,2
2011-07-12,United Kingdom,15680.52,25.169373996789727,37,35
2011-07-13,Australia,2796.36,121.5808695652174,2,1
2011-07-13,Belgium,45.6,22.8,1,1
2011-07-13,France,915.46,91.546,1,1
2011-07-13,Germany,281.71,23.47583333333333,1,1
2011-07-13,Poland,239.20000000000002,14.950000000000001,1,1
2011-07-13,Portugal,1452.2,23.80655737704918,2,2
2011-07-13,United Kingdom,13702.32,12.663881700554528,48,43
2011-07-14,Australia,902.09,25.774,1,1
2011-07-14,EIRE,1802.07,24.0276,2,2
2011-07-14,Finland,1710.39,31.67388888888889,1,1
2011-07-14,Germany,1563.28,55.83142857142857,2,2
2011-07-14,Israel,1430.75,52.99074074074074,1,1
2011-07-14,United Kingdom,24360.28,20.964096385542167,61,53
2011-07-14,Unspecified,252.05,16.803333333333335,1,1
2011-07-15,Canada,550.94,550.94,1,1
2011-07-15,Germany,1337.1100000000001,32.61243902439025,2,2
2011-07-15,Poland,448.1,28.00625,1,1
2011-07-15,United Kingdom,9521.15,14.296021021021021,33,30
2011-07-17,France,150.10000000000002,25.01666666666667,1,1
2011-07-17,Germany,345.23,38.35888888888889,1,1
2011-07-17,United Kingdom,16463.27,13.963757421543681,48,43
2011-07-18,EIRE,800.46,11.947164179104478,1,1
2011-07-18,France,1866.08,44.43047619047619,2,2
2011-07-18,Singapore,3949.32,52.6576,1,1
2011-07-18,United Kingdom,15402.5,15.52671370967742,42,41
2011-07-19,Australia,641.6700000000001,8.020875,2,2
2011-07-19,EIRE,13584.64,87.08102564102563,4,2
2011-07-19,Finland,653.9,72.65555555555555,1,1
2011-07-19,France,99.6,19.919999999999998,1,1
2011-07-19,Germany,2447.9,15.999346405228758,5,4
2011-07-19,United Kingdom,29171.37,26.88605529953917,49,47
2011-07-20,Germany,947.97,16.63105263157895,2,2
2011-07-20,Netherlands,26.02,2.602,1,1
2011-07-20,Portugal,835.65,29.844642857142855,1,1
2011-07-20,Spain,301.52,75.38,1,1
2011-07-20,United Kingdom,24965.81,22.573065099457505,48,42
2011-07-21,EIRE,1338.29,32.64121951219512,3,1
2011-07-21,European Community,676.8,23.337931034482757,1,1
2011-07-21,Germany,1905.63,28.023970588235297,2,2
2011-07-21,United Kingdom,26473.99,22.511896258503402,64,55
2011-07-22,Germany,768.02,19.200499999999998,1,1
2011-07-22,Norway,890.0699999999999,18.16469387755102,1,1
2011-07-22,United Kingdom,12975.68,19.6007250755287,35,32
2011-07-24,Australia,505.46000000000004,25.273000000000003,1,1
2011-07-24,France,412.93,17.205416666666668,1,1
2011-07-24,Germany,612.1,14.234883720930233,1,1
2011-07-24,Japan,174.0,87.0,1,1
2011-07-24,United Kingdom,25092.43,25.63067415730337,53,49
2011-07-25,Denmark,376.24,22.131764705882354,1,1
2011-07-25,Germany,1131.18,17.6746875,2,2
2011-07-25,Spain,1358.39,28.901914893617022,1,1
2011-07-25,Switzerland,856.0,71.33333333333333,1,1
2011-07-25,United Kingdom,15965.5,17.26,48,44
2011-07-26,Australia,118.8,118.8,1,1
2011-07-26,EIRE,396.77,56.68142857142857,1,1
2011-07-26,Italy,147.1,24.516666666666666,1,1
2011-07-26,Switzerland,593.74,26.98818181818182,1,1
2011-07-26,United Kingdom,16036.591,19.871859975216854,42,40
2011-07-27,Belgium,1214.81,17.35442857142857,1,1
2011-07-27,EIRE,764.51,31.854583333333334,2,1
2011-07-27,France,204.75,15.75,1,1
2011-07-27,Germany,440.7,48.96666666666667,1,1
2011-07-27,Japan,3680.4,99.47027027027028,1,1
2011-07-27,United Kingdom,16550.15,24.020537010159654,38,34
2011-07-28,Austria,707.09,16.443953488372095,1,1
2011-07-28,Belgium,192.34,48.085,1,1
2011-07-28,EIRE,4969.32,82.82199999999999,2,1
2011-07-28,Germany,385.14,22.65529411764706,1,1
2011-07-28,Spain,811.9,101.4875,1,1
2011-07-28,United Kingdom,46586.15,45.0107729468599,70,62
2011-07-28,Unspecified,546.43,4.077835820895522,2,1
2011-07-29,EIRE,728.94,29.157600000000002,1,1
2011-07-29,France,677.9,15.064444444444444,1,1
2011-07-29,United Kingdom,15833.77,18.19973563218391,60,55
2011-07-31,EIRE,14520.369999999999,146.67040404040404,2,2
2011-07-31,Sweden,3976.9900000000002,116.97029411764707,2,2
2011-07-31,Switzerland,1325.23,29.449555555555555,1,1
2011-07-31,United Kingdom,13570.7,12.530655586334257,36,32
2011-08-01,Channel Islands,759.56,58.427692307692304,1,1
2011-08-01,Germany,1089.18,17.28857142857143,1,1
2011-08-01,United Kingdom,17959.66,19.436861471861473,37,33
2011-08-02,Belgium,777.95,19.9474358974359,1,1
2011-08-02,France,85.8,17.16,1,1
2011-08-02,Germany,1135.27,15.551643835616439,3,3
2011-08-02,Iceland,584.91,26.58681818181818,1,1
2011-08-02,Switzerland,4008.62,18.30420091324201,1,1
2011-08-02,United Kingdom,13684.5,24.656756756756756,34,32
2011-08-03,France,1202.22,150.2775,1,1
2011-08-03,Germany,221.04,17.00307692307692,1,1
2011-08-03,Poland,275.88,18.392,1,1
2011-08-03,United Kingdom,24918.63,19.168176923076924,59,56
2011-08-04,Belgium,355.56,16.931428571428572,1,1
2011-08-04,EIRE,4345.1,140.16451612903228,1,1
2011-08-04,Finland,360.81,21.224117647058822,1,1
2011-08-04,France,511.03000000000003,15.03029411764706,1,1
2011-08-04,Germany,1287.98,25.254509803921568,2,2
2011-08-04,Italy,12.75,12.75,1,1
2011-08-04,Spain,867.43,24.095277777777778,2,2
2011-08-04,Sweden,612.0,306.0,1,1
2011-08-04,United Kingdom,53726.95,42.50549841772152,69,66
2011-08-05,EIRE,1572.73,10.698843537414966,1,1
2011-08-05,France,830.3000000000001,23.722857142857144,2,2
2011-08-05,Germany,1079.55,19.991666666666667,2,2
2011-08-05,Italy,946.75,17.53240740740741,1,1
2011-08-05,United Kingdom,15396.07,16.02088449531738,46,41
2011-08-07,Germany,107.4,17.900000000000002,1,1
2011-08-07,United Kingdom,7469.56,14.309501915708813,28,27
2011-08-08,Austria,981.38,16.920344827586206,1,1
2011-08-08,EIRE,829.96,14.309655172413795,1,1
2011-08-08,Germany,416.65,21.928947368421053,1,1
2011-08-08,Sweden,249.10000000000002,35.58571428571429,2,2
2011-08-08,United Kingdom,17281.53,18.287333333333333,33,33
2011-08-09,Germany,102.98,20.596,1,1
2011-08-09,Netherlands,12498.71,117.91235849056604,2,1
2011-08-09,United Kingdom,13355.43,17.344714285714286,37,36
2011-08-10,Denmark,213.15,13.321875,1,1
2011-08-10,EIRE,1253.05,59.66904761904762,1,1
2011-08-10,France,248.35,17.739285714285714,1,1
2011-08-10,Italy,721.95,32.815909090909095,1,1
2011-08-10,Norway,757.0699999999999,50.47133333333333,1,1
2011-08-10,Switzerland,292.69,20.90642857142857,1,1
2011-08-10,United Kingdom,16375.3,25.747327044025155,37,36
2011-08-11,Belgium,469.25,15.641666666666667,1,1
2011-08-11,EIRE,1672.4,45.2,2,1
2011-08-11,Finland,605.14,25.214166666666667,1,1
2011-08-11,Netherlands,19150.66,160.92991596638655,1,1
2011-08-11,United Kingdom,32488.72,26.85018181818182,59,54
2011-08-12,Australia,608.76,60.876,1,1
2011-08-12,Belgium,209.62,17.468333333333334,1,1
2011-08-12,EIRE,2165.63,28.49513157894737,2,1
2011-08-12,France,412.88,16.5152,1,1
2011-08-12,Netherlands,825.6,117.94285714285715,1,1
2011-08-12,Norway,1268.74,20.463548387096775,1,1
2011-08-12,United Kingdom,12478.94,24.516581532416502,39,34
2011-08-14,France,46.65,23.325,1,1
2011-08-14,United Kingdom,5671.92,10.581940298507464,24,20
2011-08-15,EIRE,467.42,15.078064516129032,1,1
2011-08-15,France,1161.07,31.38027027027027,1,1
2011-08-15,Germany,378.12,34.374545454545455,1,1
2011-08-15,Malta,905.5,20.122222222222224,1,1
2011-08-15,Portugal,1221.4,29.790243902439027,1,1
2011-08-15,United Kingdom,13110.460000000001,17.43412234042553,43,41
2011-08-16,Germany,115.30000000000001,23.060000000000002,1,1
2011-08-16,Spain,200.24,4.35304347826087,2,1
2011-08-16,Sweden,185.9,18.59,1,1
2011-08-16,United Kingdom,15576.4,17.761003420752566,46,41
2011-08-17,EIRE,1578.69,32.218163265306124,2,1
2011-08-17,France,580.08,20.002758620689658,1,1
2011-08-17,Germany,748.06,19.181025641025638,2,2
2011-08-17,Spain,231.76,21.069090909090907,1,1
2011-08-17,United Kingdom,45631.05,34.85947288006112,45,40
2011-08-18,Australia,21880.44,225.57154639175258,1,1
2011-08-18,EIRE,131.85,18.835714285714285,1,1
2011-08-18,France,764.79,16.62586956521739,2,2
2011-08-18,Israel,4873.81,28.50181286549708,1,1
2011-08-18,United Kingdom,26431.920000000002,22.84522039757995,62,59
2011-08-19,Austria,534.7,17.823333333333334,1,1
2011-08-19,Belgium,789.87,19.265121951219513,2,2
2011-08-19,EIRE,989.49,20.193673469387754,1,1
2011-08-19,France,612.29,17.494,1,1
2011-08-19,Germany,882.63,26.746363636363636,3,3
2011-08-19,Switzerland,668.58,19.664117647058823,1,1
2011-08-19,United Kingdom,12862.03,21.87420068027211,46,45
2011-08-21,Channel Islands,1432.0,358.0,1,1
2011-08-21,EIRE,458.9,28.68125,1,1
2011-08-21,France,528.77,17.625666666666667,2,2
2011-08-21,Germany,324.83,18.04611111111111,1,1
2011-08-21,Spain,13.25,6.625,1,1
2011-08-21,United Kingdom,11809.09,11.940434782608696,32,30
2011-08-22,Germany,2269.37,28.72620253164557,3,3
2011-08-22,Malta,213.5,21.35,1,1
2011-08-22,United Kingdom,26609.28,23.15864229765013,57,51
2011-08-22,Unspecified,531.03,23.088260869565215,2,2
2011-08-23,Channel Islands,2705.22,21.993658536585365,3,2
2011-08-23,EIRE,50.0,50.0,1,1
2011-08-23,France,947.36,21.53090909090909,2,2
2011-08-23,Germany,487.17,15.2240625,2,2
2011-08-23,Netherlands,424.80000000000007,212.40000000000003,1,1
2011-08-23,United Kingdom,17784.56,15.573169877408057,51,48
2011-08-24,France,428.91,18.648260869565217,2,2
2011-08-24,Germany,1709.43,19.207078651685393,7,5
2011-08-24,Spain,509.34000000000003,28.296666666666667,1,1
2011-08-24,United Kingdom,35969.33,25.747551896921976,62,51
2011-08-25,Belgium,752.79,19.302307692307693,2,2
2011-08-25,Canada,51.559999999999995,10.312,1,1
2011-08-25,France,2169.21,17.780409836065573,4,4
2011-08-25,Germany,620.15,41.343333333333334,2,2
2011-08-25,Italy,309.5,17.194444444444443,1,1
2011-08-25,Sweden,353.86,16.85047619047619,1,1
2011-08-25,United Kingdom,18238.22,18.841136363636366,61,57
2011-08-26,EIRE,1452.16,20.74514285714286,2,1
2011-08-26,Finland,410.55,20.5275,1,1
2011-08-26,France,1130.95,23.561458333333334,1,1
2011-08-26,Germany,405.13,13.97,2,2
2011-08-26,Netherlands,7428.04,161.4791304347826,3,1
2011-08-26,United Kingdom,13284.81,20.406774193548387,36,35
2011-08-28,Spain,1246.49,10.217131147540984,1,1
2011-08-28,United Kingdom,9558.54,8.899944134078213,36,35
2011-08-30,Germany,403.83000000000004,19.23,1,1
2011-08-30,Poland,125.92,62.96,1,1
2011-08-30,United Kingdom,8303.960000000001,22.68841530054645,21,21
2011-08-31,Belgium,198.98,16.581666666666667,1,1
2011-08-31,France,2150.3,67.196875,4,3
2011-08-31,Germany,5436.7,38.833571428571425,2,2
2011-08-31,Spain,278.4,16.376470588235293,2,2
2011-08-31,United Kingdom,12476.460000000001,22.52068592057762,33,31
2011-09-01,Australia,2941.7200000000003,326.8577777777778,2,1
2011-09-01,EIRE,3880.56,184.78857142857143,2,1
2011-09-01,Norway,509.01,31.813125,1,1
2011-09-01,United Arab Emirates,975.54,26.365945945945946,1,1
2011-09-01,United Kingdom,29063.32,22.101384030418252,70,65
2011-09-02,Belgium,642.28,37.781176470588235,1,1
2011-09-02,EIRE,749.13,28.81269230769231,1,1
2011-09-02,Finland,230.3,20.936363636363637,1,1
2011-09-02,France,942.76,25.48,3,2
2011-09-02,Germany,465.68,17.91076923076923,1,1
2011-09-02,Portugal,317.0,15.85,1,1
2011-09-02,Sweden,309.45,22.103571428571428,1,1
2011-09-02,United Kingdom,26640.45,27.72159209157128,55,50
2011-09-04,EIRE,629.04,104.83999999999999,1,1
2011-09-04,France,891.82,17.8364,1,1
2011-09-04,Germany,2390.71,17.975263157894737,5,5
2011-09-04,United Kingdom,13093.460000000001,11.669750445632799,42,38
2011-09-05,Australia,147.7,18.4625,1,1
2011-09-05,EIRE,8488.86,151.58678571428572,3,1
2011-09-05,France,995.0,35.535714285714285,2,2
2011-09-05,Poland,529.25,17.641666666666666,2,2
2011-09-05,Spain,1092.35,28.008974358974356,1,1
2011-09-05,United Kingdom,24445.54,20.169587458745877,58,50
2011-09-06,EIRE,4234.19,67.20936507936507,2,1
2011-09-06,Germany,1002.44,18.226181818181818,4,3
2011-09-06,Switzerland,200.0,200.0,1,1
2011-09-06,United Kingdom,20059.19,21.709080086580084,54,49
2011-09-07,EIRE,3415.29,18.166436170212766,4,2
2011-09-07,France,2889.76,21.40562962962963,3,3
2011-09-07,United Kingdom,15662.37,23.839223744292237,39,37
2011-09-08,France,1461.49,16.79873563218391,2,2
2011-09-08,Germany,1253.3799999999999,32.98368421052631,3,3
2011-09-08,Netherlands,1946.68,37.43615384615385,2,1
2011-09-08,Spain,459.99,19.999565217391304,1,1
2011-09-08,United Kingdom,18066.76,15.068190158465386,64,56
2011-09-09,Belgium,1087.7,24.171111111111113,1,1
2011-09-09,France,2074.8,19.76,3,3
2011-09-09,Netherlands,186.56,23.32,1,1
2011-09-09,Norway,2608.11,32.19888888888889,1,1
2011-09-09,United Kingdom,19184.98,18.518320463320464,52,46
2011-09-11,France,112.38,16.054285714285715,1,1
2011-09-11,Germany,1653.89,17.409368421052633,3,3
2011-09-11,United Kingdom,33745.4,17.530077922077922,71,64
2011-09-12,United Kingdom,27989.4,19.38324099722992,67,62
2011-09-13,Finland,319.6,79.9,1,1
2011-09-13,France,94.32000000000001,47.160000000000004,1,1
2011-09-13,Germany,199.8,28.542857142857144,1,1
2011-09-13,Netherlands,8281.12,145.28280701754386,1,1
2011-09-13,Sweden,4114.08,242.00470588235294,1,1
2011-09-13,United Kingdom,35153.33,19.464745293466226,58,56
2011-09-14,EIRE,781.11,15.6222,1,1
2011-09-14,France,357.32,17.015238095238097,1,1
2011-09-14,Germany,351.65,18.507894736842104,1,1
2011-09-14,Japan,112.08,28.02,1,1
2011-09-14,Switzerland,743.28,21.861176470588234,1,1
2011-09-14,United Kingdom,19682.51,19.584587064676615,60,53
2011-09-15,EIRE,693.53,27.7412,2,1
2011-09-15,France,2686.16,54.81959183673469,3,3
2011-09-15,Norway,562.54,28.127,1,1
2011-09-15,Switzerland,160.0,160.0,1,1
2011-09-15,United Kingdom,67891.44,45.17061876247505,72,64
2011-09-16,Australia,519.89,15.290882352941177,1,1
2011-09-16,Germany,1257.0,33.078947368421055,3,3
2011-09-16,United Kingdom,21472.09,18.336541417591803,42,40
2011-09-18,United Kingdom,15745.73,12.37871855345912,27,25
2011-09-19,Belgium,392.40000000000003,19.62,1,1
2011-09-19,Channel Islands,1062.1,22.12708333333333,1,1
2011-09-19,Cyprus,196.35,196.35,1,1
2011-09-19,EIRE,648.48,27.02,1,1
2011-09-19,France,2035.05,18.843055555555555,4,4
2011-09-19,Germany,2172.4900000000002,51.725952380952386,4,3
2011-09-19,Netherlands,15618.28,150.17576923076925,2,1
2011-09-19,Norway,4366.78,82.3920754716981,1,1
2011-09-19,Spain,971.65,26.990277777777777,1,1
2011-09-19,United Kingdom,19143.64,20.343931987247608,53,49
2011-09-20,EIRE,1798.39,17.631274509803923,2,1
2011-09-20,France,377.66,15.735833333333334,1,1
2011-09-20,Germany,138.48000000000002,15.386666666666668,1,1
2011-09-20,Italy,279.8,18.653333333333332,1,1
2011-09-20,Norway,366.25,20.34722222222222,1,1
2011-09-20,United Kingdom,100475.23,78.4962734375,61,48
2011-09-21,Belgium,549.84,17.1825,1,1
2011-09-21,Denmark,3850.9000000000005,226.52352941176474,1,1
2011-09-21,EIRE,381.22,34.656363636363636,1,1
2011-09-21,France,1083.76,18.062666666666665,4,4
2011-09-21,Germany,1049.04,16.65142857142857,2,2
2011-09-21,Spain,964.83,16.92684210526316,1,1
2011-09-21,Switzerland,4.95,4.95,1,1
2011-09-21,United Kingdom,30618.52,21.087134986225895,56,54
2011-09-22,Belgium,705.8100000000001,23.527,2,2
2011-09-22,EIRE,1254.42,17.4225,3,1
2011-09-22,Finland,245.55,16.37,1,1
2011-09-22,France,1679.7,21.814285714285713,4,4
2011-09-22,Germany,708.23,25.293928571428573,3,3
2011-09-22,Netherlands,904.62,43.07714285714286,1,1
2011-09-22,Portugal,777.2,21.58888888888889,1,1
2011-09-22,Switzerland,4860.64,110.46909090909092,1,1
2011-09-22,United Arab Emirates,37.5,37.5,1,1
2011-09-22,United Kingdom,46695.69,22.02626886792453,94,79
2011-09-23,EIRE,3502.9,18.83279569892473,2,1
2011-09-23,France,790.5400000000001,20.803684210526317,1,1
2011-09-23,Germany,2569.5,26.489690721649485,4,4
2011-09-23,Spain,1037.68,19.955384615384617,2,2
2011-09-23,United Kingdom,23880.48,15.814887417218543,49,48
2011-09-25,Australia,825.9200000000001,37.541818181818186,1,1
2011-09-25,Finland,310.0,103.33333333333333,1,1
2011-09-25,France,775.99,22.171142857142858,2,2
2011-09-25,Portugal,339.02,18.834444444444443,1,1
2011-09-25,Spain,372.24,23.265,1,1
2011-09-25,United Kingdom,28749.491,15.235554319024908,69,68
2011-09-26,Channel Islands,261.65,15.391176470588235,1,1
2011-09-26,Denmark,336.14,21.00875,1,1
2011-09-26,EIRE,1156.14,19.595593220338984,2,1
2011-09-26,Germany,704.04,37.054736842105264,1,1
2011-09-26,United Kingdom,26871.871,19.031070113314446,60,58
2011-09-27,EIRE,776.3000000000001,45.66470588235295,1,1
2011-09-27,France,189.2,18.919999999999998,1,1
2011-09-27,Germany,417.2,18.139130434782608,1,1
2011-09-27,Spain,290.5,15.289473684210526,1,1
2011-09-27,United Kingdom,27601.16,21.15031417624521,72,64
2011-09-28,Australia,671.5,23.155172413793103,3,2
2011-09-28,Belgium,829.99,20.74975,1,1
2011-09-28,EIRE,2350.39,19.751176470588234,5,1
2011-09-28,France,644.75,22.232758620689655,1,1
2011-09-28,Germany,367.37,18.3685,1,1
2011-09-28,Norway,266.25,19.017857142857142,1,1
2011-09-28,Switzerland,1810.51,19.67945652173913,1,1
2011-09-28,United Kingdom,32117.13,18.135025409373235,67,64
2011-09-29,Denmark,383.12,29.470769230769232,1,1
2011-09-29,France,1395.68,17.666835443037975,4,4
2011-09-29,Germany,1108.38,25.190454545454546,2,2
2011-09-29,Switzerland,505.48,26.60421052631579,1,1
2011-09-29,United Kingdom,41336.71,19.835273512476007,95,85
2011-09-30,EIRE,6255.54,125.1108,3,2
2011-09-30,France,1949.8999999999999,34.20877192982456,3,3
2011-09-30,Germany,281.94,16.584705882352942,1,1
2011-09-30,Sweden,151.68,21.66857142857143,1,1
2011-09-30,United Kingdom,31394.38,23.74763993948563,62,53
2011-10-02,United Kingdom,11582.95,8.157007042253522,34,32
2011-10-03,France,358.4,4.654545454545454,1,1
2011-10-03,United Kingdom,61917.55,36.833759666864964,64,47
2011-10-04,Belgium,346.68,20.39294117647059,1,1
2011-10-04,Cyprus,196.35,196.35,1,1
2011-10-04,Finland,310.0,155.0,1,1
2011-10-04,France,357.3,23.82,2,2
2011-10-04,Israel,138.03,4.059705882352941,2,1
2011-10-04,United Kingdom,37341.840000000004,18.745903614457834,67,59
2011-10-05,Australia,16471.77,200.87524390243902,2,1
2011-10-05,Channel Islands,1761.0,21.74074074074074,3,1
2011-10-05,France,2059.2,14.399999999999999,4,3
2011-10-05,Germany,4178.92,39.42377358490566,4,3
2011-10-05,Netherlands,91.85,22.9625,1,1
2011-10-05,Switzerland,2539.56,25.395599999999998,1,1
2011-10-05,United Kingdom,47006.13,28.6622743902439,79,72
2011-10-06,Australia,678.76,21.21125,2,1
2011-10-06,EIRE,421.3,17.554166666666667,1,1
2011-10-06,France,157.0,19.625,1,1
2011-10-06,Germany,3954.53,21.1472192513369,8,7
2011-10-06,Netherlands,841.55,36.589130434782604,3,1
2011-10-06,Portugal,1730.77,7.761300448430493,2,1
2011-10-06,United Kingdom,52603.89,24.5125302889096,99,86
2011-10-07,Cyprus,600.39,20.70310344827586,1,1
2011-10-07,Czech Republic,277.48,27.748,1,1
2011-10-07,Denmark,891.4000000000001,148.5666666666667,1,1
2011-10-07,EIRE,904.14,17.728235294117646,1,1
2011-10-07,France,675.36,17.77263157894737,2,2
2011-10-07,Germany,2866.85,31.16141304347826,5,5
2011-10-07,Netherlands,171.93,15.63,1,1
2011-10-07,Spain,422.8,19.21818181818182,1,1
2011-10-07,United Kingdom,42377.32,24.986627358490566,72,61
2011-10-09,United Kingdom,12466.81,10.045777598710718,38,35
2011-10-10,Belgium,332.68,19.569411764705883,1,1
2011-10-10,EIRE,3201.28,39.52197530864198,3,2
2011-10-10,France,426.58000000000004,17.77416666666667,2,1
2011-10-10,Germany,282.58,18.838666666666665,1,1
2011-10-10,USA,1579.51,15.63871287128713,1,1
2011-10-10,United Kingdom,37257.69,14.97495578778135,82,77
2011-10-11,Belgium,355.8,23.720000000000002,1,1
2011-10-11,Denmark,171.66,14.305,1,1
2011-10-11,EIRE,1575.79,18.53870588235294,3,1
2011-10-11,France,4279.71,16.523976833976835,1,1
2011-10-11,Germany,962.99,19.2598,2,2
2011-10-11,Norway,6.0,6.0,1,1
2011-10-11,Portugal,892.47,16.226727272727274,1,1
2011-10-11,Switzerland,1527.96,24.644516129032258,1,1
2011-10-11,United Kingdom,36664.39,29.052606973058637,67,60
2011-10-12,EIRE,2212.56,20.486666666666665,5,2
2011-10-12,Finland,954.93,26.52583333333333,2,2
2011-10-12,France,1360.29,26.159423076923076,5,5
2011-10-12,Germany,1232.91,19.885645161290324,4,4
2011-10-12,Norway,883.51,49.083888888888886,2,2
2011-10-12,Switzerland,676.37,32.20809523809524,1,1
2011-10-12,United Kingdom,20410.8,17.872854640980734,63,57
2011-10-13,Belgium,1491.5900000000001,29.246862745098042,1,1
2011-10-13,Cyprus,2876.85,27.39857142857143,1,1
2011-10-13,Finland,640.5,20.661290322580644,1,1
2011-10-13,France,331.72,27.643333333333334,1,1
2011-10-13,Germany,2129.11,23.142500000000002,2,2
2011-10-13,Italy,318.06,22.71857142857143,1,1
2011-10-13,Portugal,1319.01,21.62311475409836,1,1
2011-10-13,RSA,1002.3100000000001,17.281206896551726,1,1
2011-10-13,United Kingdom,22930.03,14.996749509483323,65,58
2011-10-14,Belgium,450.86,19.602608695652176,1,1
2011-10-14,Channel Islands,862.3199999999999,41.06285714285714,2,1
2011-10-14,EIRE,406.84000000000003,21.41263157894737,1,1
2011-10-14,France,513.6,18.342857142857145,1,1
2011-10-14,Germany,2541.78,47.95811320754717,3,2
2011-10-14,Portugal,642.01,18.88264705882353,1,1
2011-10-14,Singapore,999.26,31.226875,1,1
2011-10-14,Spain,3528.34,235.22266666666667,1,1
2011-10-14,Sweden,15.0,15.0,1,1
2011-10-14,United Kingdom,22164.670000000002,17.577057890563047,58,51
2011-10-16,United Kingdom,22010.96,17.65113071371291,35,32
2011-10-17,Belgium,358.99,16.31772727272727,1,1
2011-10-17,EIRE,5449.12,38.922285714285714,7,2
2011-10-17,Germany,3512.87,17.56435,4,4
2011-10-17,Portugal,1165.45,43.16481481481482,3,2
2011-10-17,Sweden,5296.96,176.56533333333334,1,1
2011-10-17,United Kingdom,31221.85,15.953934593765968,69,66
2011-10-18,Austria,1043.78,19.32925925925926,1,1
2011-10-18,EIRE,1512.17,29.650392156862747,2,2
2011-10-18,Germany,1315.27,21.214032258064517,3,3
2011-10-18,Italy,1193.32,18.35876923076923,1,1
2011-10-18,Netherlands,448.92,15.48,1,1
2011-10-18,Spain,1019.47,24.865121951219514,1,1
2011-10-18,United Kingdom,30769.47,17.673446295232626,68,64
2011-10-19,Cyprus,739.28,26.40285714285714,1,1
2011-10-19,EIRE,1588.75,27.392241379310345,1,1
2011-10-19,France,2792.96,79.79885714285714,2,2
2011-10-19,Germany,2618.61,20.457890625,5,4
2011-10-19,Portugal,149.75,74.875,1,1
2011-10-19,Singapore,6068.0599999999995,3034.0299999999997,1,1
2011-10-19,Spain,348.32,29.026666666666667,1,1
2011-10-19,United Kingdom,23027.79,14.648721374045802,65,60
2011-10-20,EIRE,3621.35,28.514566929133856,2,1
2011-10-20,France,1056.9,27.1,1,1
2011-10-20,Germany,1118.05,18.328688524590163,3,3
2011-10-20,Netherlands,25833.56,176.94219178082193,3,1
2011-10-20,Spain,290.81,5.385370370370371,1,1
2011-10-20,United Kingdom,29143.39,15.543141333333333,76,69
2011-10-21,Belgium,300.76,23.135384615384616,1,1
2011-10-21,Denmark,427.7,85.53999999999999,1,1
2011-10-21,EIRE,1680.03,31.698679245283017,2,2
2011-10-21,Germany,1347.05,64.1452380952381,2,2
2011-10-21,Netherlands,3325.62,89.88162162162162,3,1
2011-10-21,USA,731.69,30.487083333333334,1,1
2011-10-21,United Kingdom,52604.41,44.99949529512404,52,48
2011-10-23,United Kingdom,12339.16,7.157285382830627,42,39
2011-10-24,EIRE,646.02,40.37625,1,1
2011-10-24,Italy,722.4,30.099999999999998,1,1
2011-10-24,Spain,401.3,16.720833333333335,1,1
2011-10-24,United Kingdom,37545.56,20.90510022271715,70,58
2011-10-25,Germany,1097.16,32.269411764705886,2,1
2011-10-25,Italy,435.09,18.12875,1,1
2011-10-25,Switzerland,1635.6599999999999,19.24305882352941,1,1
2011-10-25,United Kingdom,33068.04,17.07178110480124,68,62
2011-10-26,Belgium,786.95,23.846969696969698,1,1
2011-10-26,Germany,119.74000000000001,17.10571428571429,2,1
2011-10-26,Japan,1948.0400000000002,121.75250000000001,2,2
2011-10-26,Spain,449.45,20.429545454545455,1,1
2011-10-26,Switzerland,1275.64,31.891000000000002,2,2
2011-10-26,United Kingdom,29855.5,18.509299442033477,84,70
2011-10-27,Finland,701.79,20.051142857142857,1,1
2011-10-27,France,9425.91,181.26749999999998,6,4
2011-10-27,Germany,485.64,21.114782608695652,2,2
2011-10-27,Italy,160.0,160.0,1,1
2011-10-27,Netherlands,9995.220000000001,356.9721428571429,3,1
2011-10-27,Norway,1755.06,25.43565217391304,2,2
2011-10-27,United Kingdom,33313.52,16.306177190406263,89,80
2011-10-28,Belgium,499.16,18.487407407407407,1,1
2011-10-28,France,8990.46,142.70571428571427,3,2
2011-10-28,Germany,1088.83,21.7766,2,2
2011-10-28,Norway,1042.66,32.583125,2,1
2011-10-28,United Kingdom,25669.46,20.61804016064257,57,54
2011-10-30,Belgium,299.06,13.593636363636364,1,1
2011-10-30,EIRE,501.66,23.88857142857143,1,1
2011-10-30,France,214.74,14.316,1,1
2011-10-30,Italy,343.0,28.583333333333332,1,1
2011-10-30,Spain,2176.45,18.7625,1,1
2011-10-30,Sweden,454.20000000000005,28.387500000000003,1,1
2011-10-30,United Kingdom,30582.12,11.330907743608744,90,82
2011-10-31,Belgium,462.85,19.285416666666666,1,1
2011-10-31,EIRE,596.91,16.1327027027027,1,1
2011-10-31,Finland,214.89999999999998,21.49,1,1
2011-10-31,France,485.32,17.974814814814813,2,2
2011-10-31,Germany,785.53,18.26813953488372,4,4
2011-10-31,Iceland,1294.32,27.538723404255318,1,1
2011-10-31,Italy,317.82,16.72736842105263,1,1
2011-10-31,United Kingdom,28890.920000000002,17.844916615194567,52,50
2011-11-01,EIRE,2047.0500000000002,21.547894736842107,2,1
2011-11-01,France,1854.81,26.12408450704225,3,3
2011-11-01,Italy,120.0,120.0,1,1
2011-11-01,United Kingdom,25110.95,16.148520900321543,70,69
2011-11-02,Australia,624.24,624.24,1,1
2011-11-02,France,633.44,28.792727272727276,1,1
2011-11-02,Germany,171.23000000000002,15.566363636363638,1,1
2011-11-02,Italy,85.92,85.92,1,1
2011-11-02,Netherlands,4486.91,64.09871428571428,3,1
2011-11-02,Poland,981.95,21.82111111111111,1,1
2011-11-02,United Kingdom,31751.010000000002,19.733380981976385,75,73
2011-11-03,Australia,375.24,75.048,1,1
2011-11-03,France,1653.98,22.053066666666666,3,2
2011-11-03,Germany,817.97,24.05794117647059,2,2
2011-11-03,Norway,311.73,20.782,1,1
2011-11-03,Portugal,202.3,16.858333333333334,1,1
2011-11-03,Spain,372.7,19.61578947368421,1,1
2011-11-03,United Kingdom,56938.19,31.59721975582686,91,78
2011-11-04,Australia,601.44,300.72,1,1
2011-11-04,Belgium,1673.03,23.236527777777777,2,2
2011-11-04,Finland,1321.28,94.37714285714286,2,2
2011-11-04,France,461.91,5.773875,2,1
2011-11-04,Poland,379.28000000000003,14.58769230769231,1,1
2011-11-04,Spain,738.57,11.723333333333334,1,1
2011-11-04,United Kingdom,50923.73,22.928289058982443,78,65
2011-11-06,Channel Islands,1303.14,20.3615625,2,1
2011-11-06,Germany,1184.05,30.360256410256408,3,3
2011-11-06,Norway,419.06,26.19125,1,1
2011-11-06,Sweden,671.69,17.222820512820515,1,1
2011-11-06,Switzerland,6207.67,47.38679389312977,1,1
2011-11-06,United Kingdom,33155.73,10.579365028717294,93,81
2011-11-07,Belgium,754.5,32.80434782608695,1,1
2011-11-07,EIRE,1157.33,32.14805555555555,4,2
2011-11-07,Germany,548.85,21.109615384615385,2,2
2011-11-07,Portugal,222.26,17.096923076923076,1,1
2011-11-07,Spain,140.0,140.0,1,1
2011-11-07,United Kingdom,25956.3,15.865709046454768,81,74
2011-11-08,Belgium,506.55,18.09107142857143,2,1
2011-11-08,France,1388.77,23.538474576271184,2,2
2011-11-08,Spain,573.71,23.904583333333335,1,1
2011-11-08,United Kingdom,35826.090000000004,16.29199181446112,94,91
2011-11-09,EIRE,826.04,39.3352380952381,1,1
2011-11-09,France,1068.82,19.79296296296296,2,2
2011-11-09,Germany,449.4,74.89999999999999,1,1
2011-11-09,United Kingdom,59144.92,28.24494746895893,114,97
2011-11-10,EIRE,1003.03,20.89645833333333,1,1
2011-11-10,France,2128.03,13.217577639751553,7,6
2011-11-10,Germany,1341.6000000000001,63.88571428571429,4,3
2011-11-10,Netherlands,9823.12,151.1249230769231,3,1
2011-11-10,Spain,808.99,17.977555555555554,2,2
2011-11-10,United Kingdom,55408.520000000004,19.817067238912735,108,99
2011-11-11,EIRE,2506.77,29.8425,3,2
2011-11-11,France,2225.96,22.484444444444446,5,5
2011-11-11,Germany,3028.82,16.920782122905027,7,6
2011-11-11,Portugal,305.3,43.614285714285714,1,1
2011-11-11,Sweden,223.68,18.64,1,1
2011-11-11,Switzerland,292.58,22.506153846153843,1,1
2011-11-11,United Kingdom,28498.260000000002,14.080167984189725,75,71
2011-11-13,Austria,586.85,15.860810810810811,1,1
2011-11-13,EIRE,3353.93,43.55753246753247,2,1
2011-11-13,France,123.08,7.24,1,1
2011-11-13,United Kingdom,24543.920000000002,9.436339869281046,79,72
2011-11-14,Austria,742.9300000000001,22.513030303030305,1,1
2011-11-14,EIRE,348.21000000000004,15.139565217391306,1,1
2011-11-14,Finland,408.34000000000003,27.22266666666667,1,1
2011-11-14,France,1666.42,20.83025,3,3
2011-11-14,Germany,598.38,27.19909090909091,2,2
2011-11-14,Portugal,511.09,23.231363636363636,2,2
2011-11-14,Sweden,1238.48,112.58909090909091,1,1
2011-11-14,United Kingdom,53263.86,19.749299221357063,93,82
2011-11-15,Australia,5355.4,198.34814814814814,2,1
2011-11-15,EIRE,2246.31,30.7713698630137,5,2
2011-11-15,France,809.22,20.74923076923077,2,2
2011-11-15,Germany,893.41,17.868199999999998,2,2
2011-11-15,Sweden,181.66,22.7075,1,1
2011-11-15,United Kingdom,38243.0,19.285426122037318,92,85
2011-11-16,EIRE,4741.78,107.76772727272727,2,2
2011-11-16,France,1575.28,65.63666666666667,2,2
2011-11-16,Germany,3612.12,25.25958041958042,10,8
2011-11-16,Netherlands,232.5,77.5,1,1
2011-11-16,United Kingdom,38278.08,15.165641838351823,109,98
2011-11-17,Belgium,1492.31,24.06951612903226,2,2
2011-11-17,Channel Islands,211.63,23.514444444444443,1,1
2011-11-17,Denmark,1794.05,32.03660714285714,1,1
2011-11-17,EIRE,1602.42,20.810649350649353,2,1
2011-11-17,Finland,234.32999999999998,29.291249999999998,2,1
2011-11-17,France,3264.02,22.054189189189188,4,3
2011-11-17,Germany,3720.96,37.2096,5,5
2011-11-17,Italy,248.2,27.577777777777776,1,1
2011-11-17,Japan,4808.48,155.1122580645161,1,1
2011-11-17,Malta,743.43,61.95249999999999,1,1
2011-11-17,Portugal,58.349999999999994,29.174999999999997,1,1
2011-11-17,Spain,1184.06,25.192765957446806,2,2
2011-11-17,United Kingdom,36523.06,14.956208026208026,113,105
2011-11-18,Belgium,1040.39,61.199411764705886,1,1
2011-11-18,Cyprus,460.89,4.6089,1,1
2011-11-18,EIRE,785.5600000000001,17.853636363636365,1,1
2011-11-18,France,1072.68,24.37909090909091,3,3
2011-11-18,Germany,1135.37,59.75631578947368,4,3
2011-11-18,Italy,1363.16,24.784727272727274,2,2
2011-11-18,Netherlands,166.0,83.0,1,1
2011-11-18,Norway,936.64,26.761142857142858,1,1
2011-11-18,Switzerland,925.64,21.037272727272725,1,1
2011-11-18,United Kingdom,28864.920000000002,16.143691275167786,88,84
2011-11-20,Belgium,265.83,17.721999999999998,1,1
2011-11-20,EIRE,917.54,22.379024390243902,1,1
2011-11-20,France,838.71,21.505384615384617,2,2
2011-11-20,Germany,219.0,18.25,1,1
2011-11-20,Netherlands,158.24,19.78,1,1
2011-11-20,Spain,1094.23,28.05717948717949,2,2
2011-11-20,United Kingdom,26697.37,9.077650459027542,90,83
2011-11-21,EIRE,900.6,17.658823529411766,2,1
2011-11-21,France,397.72,24.8575,1,1
2011-11-21,Germany,718.7,18.42820512820513,2,2
2011-11-21,Italy,1757.55,24.076027397260273,1,1
2011-11-21,Portugal,430.48,30.74857142857143,1,1
2011-11-21,Spain,427.48,19.430909090909093,1,1
2011-11-21,United Kingdom,40700.6,19.10826291079812,88,78
2011-11-22,Belgium,301.25,14.345238095238095,1,1
2011-11-22,EIRE,2055.2,22.835555555555555,3,1
2011-11-22,France,943.63,23.015365853658537,2,2
2011-11-22,Germany,1055.3700000000001,17.88762711864407,2,2
2011-11-22,Italy,611.19,25.466250000000002,2,2
2011-11-22,Netherlands,809.6,42.61052631578948,2,2
2011-11-22,Sweden,406.72,67.78666666666668,1,1
2011-11-22,United Kingdom,43481.93,16.98512890625,117,109
2011-11-23,EIRE,177.33,22.16625,1,1
2011-11-23,Finland,310.0,155.0,1,1
2011-11-23,France,348.38,12.442142857142857,2,1
2011-11-23,Germany,712.01,15.822444444444445,3,3
2011-11-23,Italy,385.06,29.62,1,1
2011-11-23,Netherlands,10078.64,186.64148148148146,3,1
2011-11-23,Spain,2990.0,747.5,1,1
2011-11-23,Switzerland,430.57000000000005,19.57136363636364,2,1
2011-11-23,United Kingdom,56547.94,18.217764175257734,116,97
2011-11-24,Australia,286.4,35.8,1,1
2011-11-24,EIRE,207.14000000000001,20.714000000000002,1,1
2011-11-24,France,2241.87,16.364014598540145,2,2
2011-11-24,Germany,4244.42,31.208970588235296,8,5
2011-11-24,Portugal,859.12,11.60972972972973,2,2
2011-11-24,Spain,178.48000000000002,19.831111111111113,1,1
2011-11-24,United Kingdom,30561.68,14.929985344406449,94,86
2011-11-25,EIRE,293.78999999999996,48.964999999999996,1,1
2011-11-25,France,1260.31,22.914727272727273,3,3
2011-11-25,Germany,125.22,7.365882352941177,1,1
2011-11-25,Norway,2016.78,41.15877551020408,1,1
2011-11-25,United Kingdom,22978.56,14.626709102482495,68,64
2011-11-27,EIRE,829.91,37.723181818181814,1,1
2011-11-27,United Kingdom,16471.05,6.753198031980319,55,50
2011-11-28,EIRE,1878.83,18.419901960784312,2,1
2011-11-28,France,1227.34,39.5916129032258,3,2
2011-11-28,Germany,1409.88,20.43304347826087,2,2
2011-11-28,United Kingdom,47315.62,18.475447090980087,107,92
2011-11-29,Belgium,281.9,56.379999999999995,1,1
2011-11-29,Finland,227.20000000000002,37.86666666666667,1,1
2011-11-29,France,1339.1200000000001,36.19243243243243,2,2
2011-11-29,Germany,1358.8600000000001,26.13192307692308,4,3
2011-11-29,Japan,3651.6,3651.6,1,1
2011-11-29,Spain,170.74,5.507741935483871,1,1
2011-11-29,Switzerland,262.5,17.5,1,1
2011-11-29,United Kingdom,41559.76,16.15225806451613,115,99
2011-11-30,Denmark,905.52,33.53777777777778,1,1
2011-11-30,EIRE,1594.64,27.493793103448276,3,2
2011-11-30,Finland,569.09,19.62379310344828,1,1
2011-11-30,France,2813.59,20.241654676258992,5,5
2011-11-30,Germany,679.4,42.4625,2,2
2011-11-30,Netherlands,119.0,29.75,1,1
2011-11-30,Norway,2843.29,41.81308823529412,1,1
2011-11-30,Portugal,56.0,56.0,1,1
2011-11-30,United Kingdom,31900.7,17.941901012373453,84,78
2011-12-01,EIRE,676.95,19.91029411764706,2,1
2011-12-01,Finland,890.0,222.5,1,1
2011-12-01,France,931.39,29.1059375,2,2
2011-12-01,Germany,695.87,20.466764705882355,2,2
2011-12-01,United Kingdom,41339.78,20.304410609037326,111,105
2011-12-02,Belgium,310.32,11.493333333333332,1,1
2011-12-02,Finland,342.76,38.08444444444444,2,2
2011-12-02,France,1579.25,23.928030303030305,3,3
2011-12-02,Germany,67.0,16.75,1,1
2011-12-02,Portugal,1436.93,29.936041666666668,1,1
2011-12-02,USA,269.96,24.54181818181818,1,1
2011-12-02,United Kingdom,40707.47,22.440722160970232,105,86
2011-12-04,EIRE,773.54,25.784666666666666,1,1
2011-12-04,France,1031.89,18.761636363636367,3,3
2011-12-04,Germany,1179.8700000000001,23.134705882352943,3,3
2011-12-04,United Kingdom,17390.66,9.634714681440443,55,51
2011-12-05,Channel Islands,198.4,39.68,1,1
2011-12-05,Denmark,168.9,15.354545454545455,1,1
2011-12-05,EIRE,587.4,34.55294117647059,2,1
2011-12-05,France,797.48,22.78514285714286,2,1
2011-12-05,Germany,284.25,16.720588235294116,2,2
2011-12-05,Norway,147.01,21.00142857142857,1,1
2011-12-05,Portugal,252.25,18.017857142857142,1,1
2011-12-05,Sweden,238.0,238.0,1,1
2011-12-05,USA,615.28,29.299047619047617,1,1
2011-12-05,United Kingdom,54913.24,16.91720271102896,104,95
2011-12-06,Belgium,898.77,17.9754,2,2
2011-12-06,France,1403.94,17.771392405063292,4,4
2011-12-06,Greece,680.99,18.91638888888889,1,1
2011-12-06,Italy,200.45,25.05625,1,1
2011-12-06,Portugal,718.4300000000001,32.65590909090909,1,1
2011-12-06,Spain,172.06,14.338333333333333,1,1
2011-12-06,United Kingdom,42069.4,17.924755006391138,100,93
2011-12-07,EIRE,3856.89,23.234277108433734,3,1
2011-12-07,France,1117.6200000000001,28.65692307692308,2,2
2011-12-07,Germany,2879.26,39.98972222222223,4,3
2011-12-07,Iceland,224.82,20.438181818181818,1,1
2011-12-07,Netherlands,11477.42,135.0284705882353,2,1
2011-12-07,Portugal,400.58,23.563529411764705,1,1
2011-12-07,Spain,144.15,2.719811320754717,1,1
2011-12-07,United Kingdom,49253.47,28.56929814385151,90,84
2011-12-08,Austria,683.2,97.60000000000001,1,1
2011-12-08,EIRE,1084.14,15.057500000000001,1,1
2011-12-08,France,165.9,55.300000000000004,1,1
2011-12-08,Germany,1188.2,20.84561403508772,1,1
2011-12-08,Netherlands,250.6,250.6,1,1
2011-12-08,United Kingdom,47147.37,19.710438963210702,108,100
2011-12-09,Belgium,208.64000000000001,12.272941176470589,1,1
2011-12-09,France,249.45,16.63,1,1
2011-12-09,Germany,1689.72,20.606341463414633,4,4
2011-12-09,Norway,2638.69,39.98015151515152,2,1
2011-12-09,United Kingdom,179562.78,410.8988100686499,33,28
