Date,Week,Country,MonthYear,TotalAmount,CountOfUniqueInvoices,CountOfUniqueCustomers
2010-12-01,2010-11-29,Australia,2010-12,358.25,1,1
2010-12-01,2010-11-29,EIRE,2010-12,555.38,2,1
2010-12-01,2010-11-29,France,2010-12,855.86,1,1
2010-12-01,2010-11-29,Germany,2010-12,261.48,1,1
2010-12-01,2010-11-29,Netherlands,2010-12,192.60000000000002,1,1
2010-12-01,2010-11-29,Norway,2010-12,1919.1399999999999,1,1
2010-12-01,2010-11-29,United Kingdom,2010-12,42233.78,114,89
2010-12-02,2010-11-29,EIRE,2010-12,22.5,1,1
2010-12-02,2010-11-29,Germany,2010-12,155.35,1,1
2010-12-02,2010-11-29,United Kingdom,2010-12,47138.68,135,97
2010-12-03,2010-11-29,Belgium,2010-12,346.1,1,1
2010-12-03,2010-11-29,EIRE,2010-12,2027.85,2,2
2010-12-03,2010-11-29,France,2010-12,425.38,2,2
2010-12-03,2010-11-29,Germany,2010-12,555.53,3,3
2010-12-03,2010-11-29,Italy,2010-12,427.8,1,1
2010-12-03,2010-11-29,Poland,2010-12,248.16,1,1
2010-12-03,2010-11-29,Portugal,2010-12,131.8,1,1
2010-12-03,2010-11-29,Spain,2010-12,620.0,1,1
2010-12-03,2010-11-29,Switzerland,2010-12,303.4,1,1
2010-12-03,2010-11-29,United Kingdom,2010-12,18835.69,44,37
2010-12-05,2010-11-29,France,2010-12,1526.92,1,1
2010-12-05,2010-11-29,Germany,2010-12,2476.69,4,3
2010-12-05,2010-11-29,Japan,2010-12,320.08,1,1
2010-12-05,2010-11-29,Lithuania,2010-12,1598.06,3,1
2010-12-05,2010-11-29,United Kingdom,2010-12,25849.85,78,69
2010-12-06,2010-12-06,EIRE,2010-12,1182.5,3,1
2010-12-06,2010-12-06,Germany,2010-12,196.44,1,1
2010-12-06,2010-12-06,Portugal,2010-12,129.4,1,1
2010-12-06,2010-12-06,United Kingdom,2010-12,29707.3,89,79
2010-12-07,2010-12-06,France,2010-12,1448.98,2,2
2010-12-07,2010-12-06,Germany,2010-12,596.8,1,1
2010-12-07,2010-12-06,Iceland,2010-12,711.79,1,1
2010-12-07,2010-12-06,United Kingdom,2010-12,51037.74,67,61
2010-12-08,2010-12-06,Australia,2010-12,258.9,1,1
2010-12-08,2010-12-06,France,2010-12,173.55,1,1
2010-12-08,2010-12-06,Germany,2010-12,522.7,1,1
2010-12-08,2010-12-06,Lithuania,2010-12,63.0,1,1
2010-12-08,2010-12-06,Norway,2010-12,1867.98,1,1
2010-12-08,2010-12-06,Portugal,2010-12,1149.29,1,1
2010-12-08,2010-12-06,United Kingdom,2010-12,35213.4,105,93
2010-12-09,2010-12-06,Channel Islands,2010-12,363.53,1,1
2010-12-09,2010-12-06,Denmark,2010-12,1281.5,1,1
2010-12-09,2010-12-06,EIRE,2010-12,945.55,1,1
2010-12-09,2010-12-06,France,2010-12,1859.73,4,3
2010-12-09,2010-12-06,Germany,2010-12,919.09,3,3
2010-12-09,2010-12-06,Japan,2010-12,3794.3999999999996,1,1
2010-12-09,2010-12-06,Portugal,2010-12,254.03,1,1
2010-12-09,2010-12-06,Spain,2010-12,174.72,1,1
2010-12-09,2010-12-06,United Kingdom,2010-12,28639.350000000002,85,78
2010-12-10,2010-12-06,EIRE,2010-12,1156.05,1,1
2010-12-10,2010-12-06,France,2010-12,1071.9,1,1
2010-12-10,2010-12-06,Germany,2010-12,2360.41,2,1
2010-12-10,2010-12-06,Portugal,2010-12,311.95,1,1
2010-12-10,2010-12-06,United Kingdom,2010-12,28749.97,67,49
2010-12-12,2010-12-06,Japan,2010-12,3590.59,1,1
2010-12-12,2010-12-06,United Kingdom,2010-12,13715.18,42,41
2010-12-13,2010-12-13,Germany,2010-12,12.45,1,1
2010-12-13,2010-12-13,Spain,2010-12,881.01,1,1
2010-12-13,2010-12-13,United Kingdom,2010-12,26749.22,62,57
2010-12-14,2010-12-13,Cyprus,2010-12,1590.82,1,1
2010-12-14,2010-12-13,Sweden,2010-12,1188.0,1,1
2010-12-14,2010-12-13,United Kingdom,2010-12,26543.48,79,71
2010-12-15,2010-12-13,France,2010-12,195.89,1,1
2010-12-15,2010-12-13,United Kingdom,2010-12,30115.83,69,65
2010-12-16,2010-12-13,EIRE,2010-12,707.0600000000001,1,1
2010-12-16,2010-12-13,Finland,2010-12,892.8,1,1
2010-12-16,2010-12-13,France,2010-12,4.949999999999999,1,1
2010-12-16,2010-12-13,United Kingdom,2010-12,47425.270000000004,110,95
2010-12-17,2010-12-13,Australia,2010-12,415.7,1,1
2010-12-17,2010-12-13,Austria,2010-12,277.2,1,1
2010-12-17,2010-12-13,Belgium,2010-12,625.16,2,2
2010-12-17,2010-12-13,EIRE,2010-12,753.74,1,1
2010-12-17,2010-12-13,France,2010-12,350.28000000000003,2,2
2010-12-17,2010-12-13,Germany,2010-12,4690.82,8,7
2010-12-17,2010-12-13,Portugal,2010-12,463.5,1,1
2010-12-17,2010-12-13,Spain,2010-12,168.0,1,1
2010-12-17,2010-12-13,Sweden,2010-12,2646.2999999999997,1,1
2010-12-17,2010-12-13,United Kingdom,2010-12,9655.86,37,34
2010-12-19,2010-12-13,EIRE,2010-12,411.1,1,1
2010-12-19,2010-12-13,Germany,2010-12,469.87,1,1
2010-12-19,2010-12-13,United Kingdom,2010-12,6536.42,16,15
2010-12-20,2010-12-20,France,2010-12,1371.19,2,2
2010-12-20,2010-12-20,Germany,2010-12,631.96,1,1
2010-12-20,2010-12-20,Netherlands,2010-12,70.96000000000001,1,1
2010-12-20,2010-12-20,Switzerland,2010-12,1001.52,1,1
2010-12-20,2010-12-20,United Kingdom,2010-12,16546.33,45,36
2010-12-21,2010-12-20,Belgium,2010-12,237.93,1,1
2010-12-21,2010-12-20,EIRE,2010-12,762.3000000000001,1,1
2010-12-21,2010-12-20,France,2010-12,221.28,2,1
2010-12-21,2010-12-20,Italy,2010-12,383.7,1,1
2010-12-21,2010-12-20,Netherlands,2010-12,8520.92,1,1
2010-12-21,2010-12-20,United Kingdom,2010-12,5825.53,21,18
2010-12-22,2010-12-20,Belgium,2010-12,600.72,1,1
2010-12-22,2010-12-20,France,2010-12,110.39999999999999,1,1
2010-12-22,2010-12-20,United Kingdom,2010-12,4175.4,12,11
2010-12-23,2010-12-20,EIRE,2010-12,289.85,1,1
2010-12-23,2010-12-20,Germany,2010-12,1391.55,2,2
2010-12-23,2010-12-20,United Kingdom,2010-12,3967.57,14,12
2011-01-04,2011-01-03,Sweden,2011-01,547.56,1,1
2011-01-04,2011-01-03,United Kingdom,2011-01,11577.9,34,33
2011-01-05,2011-01-03,France,2011-01,1391.18,2,2
2011-01-05,2011-01-03,United Kingdom,2011-01,27412.45,46,43
2011-01-06,2011-01-03,Australia,2011-01,7154.38,2,2
2011-01-06,2011-01-03,France,2011-01,799.02,2,2
2011-01-06,2011-01-03,United Kingdom,2011-01,26406.79,42,41
2011-01-07,2011-01-03,France,2011-01,1065.09,2,2
2011-01-07,2011-01-03,Germany,2011-01,3976.13,4,4
2011-01-07,2011-01-03,Spain,2011-01,1138.67,1,1
2011-01-07,2011-01-03,United Kingdom,2011-01,17617.9,40,38
2011-01-09,2011-01-03,EIRE,2011-01,258.0,1,1
2011-01-09,2011-01-03,France,2011-01,114.0,1,1
2011-01-09,2011-01-03,Portugal,2011-01,1100.16,2,2
2011-01-09,2011-01-03,United Kingdom,2011-01,14306.04,44,44
2011-01-10,2011-01-10,Australia,2011-01,81.6,1,1
2011-01-10,2011-01-10,France,2011-01,1238.06,1,1
2011-01-10,2011-01-10,Germany,2011-01,682.33,2,2
2011-01-10,2011-01-10,Spain,2011-01,1715.85,1,1
2011-01-10,2011-01-10,United Kingdom,2011-01,11628.99,29,27
2011-01-11,2011-01-10,Australia,2011-01,462.5,1,1
2011-01-11,2011-01-10,France,2011-01,1512.6399999999999,4,4
2011-01-11,2011-01-10,Germany,2011-01,144.26,1,1
2011-01-11,2011-01-10,Spain,2011-01,4564.3,2,2
2011-01-11,2011-01-10,United Kingdom,2011-01,53585.08,45,39
2011-01-12,2011-01-10,Belgium,2011-01,651.16,1,1
2011-01-12,2011-01-10,Cyprus,2011-01,547.5,1,1
2011-01-12,2011-01-10,France,2011-01,1415.6299999999999,3,3
2011-01-12,2011-01-10,Germany,2011-01,250.65,1,1
2011-01-12,2011-01-10,United Kingdom,2011-01,14289.0,36,36
2011-01-13,2011-01-10,Germany,2011-01,753.4499999999999,1,1
2011-01-13,2011-01-10,Italy,2011-01,1608.66,1,1
2011-01-13,2011-01-10,United Kingdom,2011-01,12809.2,39,39
2011-01-14,2011-01-10,Australia,2011-01,177.00000000000003,1,1
2011-01-14,2011-01-10,EIRE,2011-01,16774.72,1,1
2011-01-14,2011-01-10,France,2011-01,1790.43,3,3
2011-01-14,2011-01-10,Germany,2011-01,534.02,3,2
2011-01-14,2011-01-10,Netherlands,2011-01,10389.06,1,1
2011-01-14,2011-01-10,United Kingdom,2011-01,9866.79,29,29
2011-01-16,2011-01-10,United Kingdom,2011-01,7242.06,25,22
2011-01-17,2011-01-17,Australia,2011-01,431.3,1,1
2011-01-17,2011-01-17,France,2011-01,732.14,1,1
2011-01-17,2011-01-17,Germany,2011-01,1316.9,2,2
2011-01-17,2011-01-17,Poland,2011-01,613.22,1,1
2011-01-17,2011-01-17,United Kingdom,2011-01,13503.79,41,40
2011-01-18,2011-01-17,EIRE,2011-01,465.58,1,1
2011-01-18,2011-01-17,Germany,2011-01,132.52,1,1
2011-01-18,2011-01-17,Portugal,2011-01,2271.62,1,1
2011-01-18,2011-01-17,Spain,2011-01,681.05,1,1
2011-01-18,2011-01-17,United Kingdom,2011-01,84038.34000000001,28,27
2011-01-19,2011-01-17,Australia,2011-01,238.5,1,1
2011-01-19,2011-01-17,France,2011-01,752.75,1,1
2011-01-19,2011-01-17,Germany,2011-01,63.0,1,1
2011-01-19,2011-01-17,Netherlands,2011-01,7722.04,1,1
2011-01-19,2011-01-17,Spain,2011-01,112.92,1,1
2011-01-19,2011-01-17,Switzerland,2011-01,3604.63,2,2
2011-01-19,2011-01-17,United Kingdom,2011-01,9152.94,26,26
2011-01-20,2011-01-17,Australia,2011-01,87.75,1,1
2011-01-20,2011-01-17,Belgium,2011-01,225.6,1,1
2011-01-20,2011-01-17,EIRE,2011-01,2756.84,1,1
2011-01-20,2011-01-17,France,2011-01,1516.68,1,1
2011-01-20,2011-01-17,Netherlands,2011-01,305.28000000000003,1,1
2011-01-20,2011-01-17,United Kingdom,2011-01,10352.58,29,25
2011-01-21,2011-01-17,Finland,2011-01,661.58,1,1
2011-01-21,2011-01-17,Italy,2011-01,341.0,1,1
2011-01-21,2011-01-17,Netherlands,2011-01,8060.3,1,1
2011-01-21,2011-01-17,United Kingdom,2011-01,15216.88,31,29
2011-01-23,2011-01-17,France,2011-01,514.5,1,1
2011-01-23,2011-01-17,United Kingdom,2011-01,9885.75,26,26
2011-01-24,2011-01-24,EIRE,2011-01,282.44,1,1
2011-01-24,2011-01-24,France,2011-01,190.2,1,1
2011-01-24,2011-01-24,Germany,2011-01,2364.78,3,3
2011-01-24,2011-01-24,Greece,2011-01,2661.24,1,1
2011-01-24,2011-01-24,Spain,2011-01,157.45,1,1
2011-01-24,2011-01-24,United Kingdom,2011-01,11976.26,37,36
2011-01-25,2011-01-24,Belgium,2011-01,323.44,1,1
2011-01-25,2011-01-24,Finland,2011-01,227.44,1,1
2011-01-25,2011-01-24,France,2011-01,36.0,1,1
2011-01-25,2011-01-24,Germany,2011-01,2416.84,3,3
2011-01-25,2011-01-24,Singapore,2011-01,2053.07,1,1
2011-01-25,2011-01-24,United Kingdom,2011-01,19062.51,52,50
2011-01-26,2011-01-24,EIRE,2011-01,802.56,1,1
2011-01-26,2011-01-24,Germany,2011-01,1175.76,2,2
2011-01-26,2011-01-24,Iceland,2011-01,475.39,1,1
2011-01-26,2011-01-24,Italy,2011-01,452.84999999999997,1,1
2011-01-26,2011-01-24,Portugal,2011-01,683.9300000000001,1,1
2011-01-26,2011-01-24,United Kingdom,2011-01,13900.33,47,43
2011-01-27,2011-01-24,Channel Islands,2011-01,675.58,1,1
2011-01-27,2011-01-24,EIRE,2011-01,564.05,1,1
2011-01-27,2011-01-24,Germany,2011-01,767.99,3,3
2011-01-27,2011-01-24,Lebanon,2011-01,1693.88,1,1
2011-01-27,2011-01-24,Spain,2011-01,1715.85,1,1
2011-01-27,2011-01-24,United Kingdom,2011-01,16739.68,43,43
2011-01-28,2011-01-24,Australia,2011-01,384.68,1,1
2011-01-28,2011-01-24,France,2011-01,1079.83,3,3
2011-01-28,2011-01-24,Sweden,2011-01,2938.7599999999998,1,1
2011-01-28,2011-01-24,Switzerland,2011-01,626.6,1,1
2011-01-28,2011-01-24,United Kingdom,2011-01,12243.63,31,30
2011-01-30,2011-01-24,United Kingdom,2011-01,6615.75,24,22
2011-01-31,2011-01-31,France,2011-01,3591.9700000000003,2,2
2011-01-31,2011-01-31,Germany,2011-01,2332.21,4,4
2011-01-31,2011-01-31,Netherlands,2011-01,134.48,1,1
2011-01-31,2011-01-31,United Kingdom,2011-01,12759.42,50,43
2011-02-01,2011-01-31,Austria,2011-02,364.6,1,1
2011-02-01,2011-01-31,EIRE,2011-02,797.77,1,1
2011-02-01,2011-01-31,France,2011-02,510.84999999999997,1,1
2011-02-01,2011-01-31,Germany,2011-02,314.15000000000003,1,1
2011-02-01,2011-01-31,Netherlands,2011-02,214.45,1,1
2011-02-01,2011-01-31,Spain,2011-02,288.98,1,1
2011-02-01,2011-01-31,Sweden,2011-02,509.5,1,1
2011-02-01,2011-01-31,United Kingdom,2011-02,23376.2,51,50
2011-02-02,2011-01-31,Austria,2011-02,153.76,1,1
2011-02-02,2011-01-31,France,2011-02,641.39,2,2
2011-02-02,2011-01-31,Germany,2011-02,75.60000000000001,1,1
2011-02-02,2011-01-31,Norway,2011-02,334.4,1,1
2011-02-02,2011-01-31,United Kingdom,2011-02,15940.08,51,50
2011-02-03,2011-01-31,Belgium,2011-02,213.89999999999998,1,1
2011-02-03,2011-01-31,EIRE,2011-02,788.06,1,1
2011-02-03,2011-01-31,Germany,2011-02,1712.04,3,3
2011-02-03,2011-01-31,Spain,2011-02,617.25,1,1
2011-02-03,2011-01-31,United Kingdom,2011-02,18852.75,39,38
2011-02-04,2011-01-31,EIRE,2011-02,229.6,1,1
2011-02-04,2011-01-31,France,2011-02,1236.73,1,1
2011-02-04,2011-01-31,Japan,2011-02,45.57,1,1
2011-02-04,2011-01-31,Poland,2011-02,337.2,1,1
2011-02-04,2011-01-31,Switzerland,2011-02,693.3299999999999,2,1
2011-02-04,2011-01-31,United Kingdom,2011-02,15571.880000000001,39,36
2011-02-06,2011-01-31,United Kingdom,2011-02,3457.11,11,11
2011-02-07,2011-02-07,Australia,2011-02,259.95,3,2
2011-02-07,2011-02-07,Cyprus,2011-02,1993.96,2,2
2011-02-07,2011-02-07,United Kingdom,2011-02,21161.1,33,31
2011-02-08,2011-02-07,France,2011-02,201.86,1,1
2011-02-08,2011-02-07,Netherlands,2011-02,1306.28,1,1
2011-02-08,2011-02-07,Poland,2011-02,266.85,1,1
2011-02-08,2011-02-07,United Kingdom,2011-02,12393.04,35,34
2011-02-09,2011-02-07,Belgium,2011-02,84.3,1,1
2011-02-09,2011-02-07,France,2011-02,455.02,1,1
2011-02-09,2011-02-07,Germany,2011-02,168.9,1,1
2011-02-09,2011-02-07,Japan,2011-02,5735.24,1,1
2011-02-09,2011-02-07,Spain,2011-02,762.11,1,1
2011-02-09,2011-02-07,United Kingdom,2011-02,4715.21,18,17
2011-02-10,2011-02-07,France,2011-02,321.56,1,1
2011-02-10,2011-02-07,Germany,2011-02,351.95,2,2
2011-02-10,2011-02-07,United Kingdom,2011-02,13525.0,38,37
2011-02-11,2011-02-07,Belgium,2011-02,231.51,1,1
2011-02-11,2011-02-07,Germany,2011-02,2355.9500000000003,1,1
2011-02-11,2011-02-07,United Kingdom,2011-02,16012.0,36,32
2011-02-13,2011-02-07,United Kingdom,2011-02,5713.63,20,20
2011-02-14,2011-02-14,EIRE,2011-02,2024.57,1,1
2011-02-14,2011-02-14,Germany,2011-02,802.49,2,2
2011-02-14,2011-02-14,Spain,2011-02,446.16,1,1
2011-02-14,2011-02-14,United Arab Emirates,2011-02,889.24,1,1
2011-02-14,2011-02-14,United Kingdom,2011-02,18841.53,31,31
2011-02-15,2011-02-14,Australia,2011-02,14022.92,1,1
2011-02-15,2011-02-14,Channel Islands,2011-02,1784.71,1,1
2011-02-15,2011-02-14,EIRE,2011-02,4362.5,2,1
2011-02-15,2011-02-14,France,2011-02,255.6,1,1
2011-02-15,2011-02-14,United Kingdom,2011-02,17358.920000000002,48,43
2011-02-16,2011-02-14,Cyprus,2011-02,1683.9,1,1
2011-02-16,2011-02-14,Denmark,2011-02,399.22,1,1
2011-02-16,2011-02-14,France,2011-02,919.66,1,1
2011-02-16,2011-02-14,Israel,2011-02,779.1,1,1
2011-02-16,2011-02-14,Norway,2011-02,296.5,1,1
2011-02-16,2011-02-14,United Kingdom,2011-02,19420.84,57,51
2011-02-17,2011-02-14,Belgium,2011-02,1119.2,2,2
2011-02-17,2011-02-14,Cyprus,2011-02,15.0,1,1
2011-02-17,2011-02-14,EIRE,2011-02,281.12,1,1
2011-02-17,2011-02-14,France,2011-02,250.0,1,1
2011-02-17,2011-02-14,Germany,2011-02,540.58,2,2
2011-02-17,2011-02-14,United Kingdom,2011-02,15468.89,48,43
2011-02-18,2011-02-14,EIRE,2011-02,162.7,1,1
2011-02-18,2011-02-14,France,2011-02,974.6,2,2
2011-02-18,2011-02-14,Germany,2011-02,152.4,1,1
2011-02-18,2011-02-14,Italy,2011-02,256.0,1,1
2011-02-18,2011-02-14,United Kingdom,2011-02,12917.36,30,29
2011-02-20,2011-02-14,United Kingdom,2011-02,9624.69,26,26
2011-02-21,2011-02-21,Belgium,2011-02,192.31,1,1
2011-02-21,2011-02-21,Cyprus,2011-02,641.38,2,1
2011-02-21,2011-02-21,France,2011-02,746.82,2,2
2011-02-21,2011-02-21,Germany,2011-02,1418.29,2,2
2011-02-21,2011-02-21,Netherlands,2011-02,18279.48,2,1
2011-02-21,2011-02-21,Portugal,2011-02,973.6500000000001,1,1
2011-02-21,2011-02-21,United Kingdom,2011-02,10549.8,23,23
2011-02-22,2011-02-21,Netherlands,2011-02,3211.7,1,1
2011-02-22,2011-02-21,United Kingdom,2011-02,25948.78,49,46
2011-02-23,2011-02-21,EIRE,2011-02,1480.2,1,1
2011-02-23,2011-02-21,France,2011-02,439.76,2,1
2011-02-23,2011-02-21,Germany,2011-02,388.3,1,1
2011-02-23,2011-02-21,United Kingdom,2011-02,17039.81,49,46
2011-02-24,2011-02-21,Finland,2011-02,205.16,1,1
2011-02-24,2011-02-21,Saudi Arabia,2011-02,145.92,1,1
2011-02-24,2011-02-21,Switzerland,2011-02,1340.32,1,1
2011-02-24,2011-02-21,United Kingdom,2011-02,19781.49,50,49
2011-02-25,2011-02-21,Belgium,2011-02,189.9,1,1
2011-02-25,2011-02-21,Germany,2011-02,1300.4,2,2
2011-02-25,2011-02-21,Switzerland,2011-02,179.35,1,1
2011-02-25,2011-02-21,United Kingdom,2011-02,16708.04,41,38
2011-02-27,2011-02-21,Australia,2011-02,412.55,1,1
2011-02-27,2011-02-21,France,2011-02,110.6,1,1
2011-02-27,2011-02-21,United Kingdom,2011-02,9003.35,31,29
2011-02-28,2011-02-28,Belgium,2011-02,149.95,1,1
2011-02-28,2011-02-28,Czech Republic,2011-02,549.26,1,1
2011-02-28,2011-02-28,France,2011-02,1451.51,4,4
2011-02-28,2011-02-28,Portugal,2011-02,240.25,1,1
2011-02-28,2011-02-28,Switzerland,2011-02,441.92,1,1
2011-02-28,2011-02-28,United Kingdom,2011-02,12274.13,43,41
2011-03-01,2011-02-28,Belgium,2011-03,559.12,1,1
2011-03-01,2011-02-28,EIRE,2011-03,2541.15,1,1
2011-03-01,2011-02-28,Finland,2011-03,4969.22,3,1
2011-03-01,2011-02-28,France,2011-03,1146.26,2,2
2011-03-01,2011-02-28,Germany,2011-03,762.5,1,1
2011-03-01,2011-02-28,Norway,2011-03,984.6500000000001,2,1
2011-03-01,2011-02-28,United Kingdom,2011-03,12668.97,46,45
2011-03-02,2011-02-28,Channel Islands,2011-03,828.84,1,1
2011-03-02,2011-02-28,Japan,2011-03,15.299999999999999,1,1
2011-03-02,2011-02-28,United Kingdom,2011-03,17842.85,40,38
2011-03-03,2011-02-28,Australia,2011-03,16726.84,1,1
2011-03-03,2011-02-28,Austria,2011-03,166.04,1,1
2011-03-03,2011-02-28,Belgium,2011-03,410.0,1,1
2011-03-03,2011-02-28,France,2011-03,573.16,2,1
2011-03-03,2011-02-28,Germany,2011-03,725.28,2,2
2011-03-03,2011-02-28,United Kingdom,2011-03,14253.73,40,40
2011-03-04,2011-02-28,EIRE,2011-03,1185.49,2,1
2011-03-04,2011-02-28,France,2011-03,317.25,1,1
2011-03-04,2011-02-28,Greece,2011-03,387.31,1,1
2011-03-04,2011-02-28,Italy,2011-03,463.63,1,1
2011-03-04,2011-02-28,Japan,2011-03,17.549999999999997,1,1
2011-03-04,2011-02-28,Spain,2011-03,471.8,2,2
2011-03-04,2011-02-28,United Kingdom,2011-03,14479.44,37,31
2011-03-06,2011-02-28,United Kingdom,2011-03,9997.42,26,24
2011-03-07,2011-03-07,Germany,2011-03,817.56,3,3
2011-03-07,2011-03-07,Japan,2011-03,16.05,1,1
2011-03-07,2011-03-07,United Kingdom,2011-03,19452.07,54,45
2011-03-08,2011-03-07,Germany,2011-03,884.63,3,3
2011-03-08,2011-03-07,Portugal,2011-03,1570.19,1,1
2011-03-08,2011-03-07,United Kingdom,2011-03,19775.79,40,37
2011-03-09,2011-03-07,Australia,2011-03,210.9,1,1
2011-03-09,2011-03-07,Channel Islands,2011-03,1576.3600000000001,1,1
2011-03-09,2011-03-07,Netherlands,2011-03,444.8,1,1
2011-03-09,2011-03-07,Switzerland,2011-03,439.28,1,1
2011-03-09,2011-03-07,United Kingdom,2011-03,17674.53,47,43
2011-03-10,2011-03-07,Channel Islands,2011-03,1104.13,1,1
2011-03-10,2011-03-07,Cyprus,2011-03,938.39,1,1
2011-03-10,2011-03-07,EIRE,2011-03,6162.0199999999995,4,1
2011-03-10,2011-03-07,Sweden,2011-03,122.39999999999999,1,1
2011-03-10,2011-03-07,United Kingdom,2011-03,16104.78,45,42
2011-03-11,2011-03-07,EIRE,2011-03,3374.34,2,1
2011-03-11,2011-03-07,France,2011-03,712.8499999999999,1,1
2011-03-11,2011-03-07,Germany,2011-03,987.42,1,1
2011-03-11,2011-03-07,United Kingdom,2011-03,15821.39,44,39
2011-03-13,2011-03-07,France,2011-03,343.29,1,1
2011-03-13,2011-03-07,United Kingdom,2011-03,3804.83,15,15
2011-03-14,2011-03-14,Belgium,2011-03,357.07,1,1
2011-03-14,2011-03-14,Canada,2011-03,140.54,1,1
2011-03-14,2011-03-14,EIRE,2011-03,1825.25,3,1
2011-03-14,2011-03-14,France,2011-03,479.40000000000003,1,1
2011-03-14,2011-03-14,Netherlands,2011-03,117.92999999999999,1,1
2011-03-14,2011-03-14,Sweden,2011-03,4400.28,1,1
2011-03-14,2011-03-14,United Kingdom,2011-03,18688.78,40,35
2011-03-15,2011-03-14,EIRE,2011-03,3389.6,3,3
2011-03-15,2011-03-14,France,2011-03,565.54,1,1
2011-03-15,2011-03-14,Poland,2011-03,317.78,1,1
2011-03-15,2011-03-14,United Kingdom,2011-03,10663.51,36,35
2011-03-16,2011-03-14,France,2011-03,262.8,2,2
2011-03-16,2011-03-14,Germany,2011-03,300.7,1,1
2011-03-16,2011-03-14,Spain,2011-03,1218.95,2,2
2011-03-16,2011-03-14,United Kingdom,2011-03,20038.21,45,41
2011-03-17,2011-03-14,Denmark,2011-03,3978.9900000000002,1,1
2011-03-17,2011-03-14,EIRE,2011-03,381.78,1,1
2011-03-17,2011-03-14,Germany,2011-03,1363.2,2,2
2011-03-17,2011-03-14,Italy,2011-03,1017.68,1,1
2011-03-17,2011-03-14,Norway,2011-03,120.33,1,1
2011-03-17,2011-03-14,United Kingdom,2011-03,25166.96,50,45
2011-03-18,2011-03-14,EIRE,2011-03,743.71,1,1
2011-03-18,2011-03-14,Germany,2011-03,2390.93,5,4
2011-03-18,2011-03-14,United Kingdom,2011-03,20264.1,46,43
2011-03-20,2011-03-14,Belgium,2011-03,226.3,1,1
2011-03-20,2011-03-14,EIRE,2011-03,197.8,1,1
2011-03-20,2011-03-14,Finland,2011-03,409.2,1,1
2011-03-20,2011-03-14,France,2011-03,316.02,1,1
2011-03-20,2011-03-14,Germany,2011-03,363.93,2,2
2011-03-20,2011-03-14,United Kingdom,2011-03,18571.55,51,50
2011-03-21,2011-03-21,Belgium,2011-03,347.35,1,1
2011-03-21,2011-03-21,France,2011-03,205.87,2,1
2011-03-21,2011-03-21,United Kingdom,2011-03,15497.83,45,45
2011-03-22,2011-03-21,France,2011-03,523.98,1,1
2011-03-22,2011-03-21,Germany,2011-03,1319.98,3,2
2011-03-22,2011-03-21,Netherlands,2011-03,235.71,1,1
2011-03-22,2011-03-21,Norway,2011-03,160.33,1,1
2011-03-22,2011-03-21,Spain,2011-03,1085.99,1,1
2011-03-22,2011-03-21,United Kingdom,2011-03,15738.3,34,34
2011-03-23,2011-03-21,Austria,2011-03,1542.08,1,1
2011-03-23,2011-03-21,Belgium,2011-03,614.55,2,2
2011-03-23,2011-03-21,France,2011-03,1891.28,4,3
2011-03-23,2011-03-21,Portugal,2011-03,247.60000000000002,1,1
2011-03-23,2011-03-21,United Kingdom,2011-03,17283.29,51,48
2011-03-24,2011-03-21,Australia,2011-03,286.25,1,1
2011-03-24,2011-03-21,Belgium,2011-03,837.59,2,1
2011-03-24,2011-03-21,EIRE,2011-03,415.45,1,1
2011-03-24,2011-03-21,Portugal,2011-03,27.0,1,1
2011-03-24,2011-03-21,Spain,2011-03,1140.76,1,1
2011-03-24,2011-03-21,Sweden,2011-03,197.9,1,1
2011-03-24,2011-03-21,United Kingdom,2011-03,33792.19,61,57
2011-03-25,2011-03-21,EIRE,2011-03,750.37,1,1
2011-03-25,2011-03-21,France,2011-03,357.90999999999997,1,1
2011-03-25,2011-03-21,Germany,2011-03,2651.34,3,3
2011-03-25,2011-03-21,Netherlands,2011-03,1563.51,2,2
2011-03-25,2011-03-21,Spain,2011-03,628.15,1,1
2011-03-25,2011-03-21,Switzerland,2011-03,490.78000000000003,1,1
2011-03-25,2011-03-21,United Kingdom,2011-03,20860.69,43,36
2011-03-27,2011-03-21,France,2011-03,164.05,1,1
2011-03-27,2011-03-21,United Kingdom,2011-03,9060.35,30,30
2011-03-28,2011-03-28,EIRE,2011-03,539.0,1,1
2011-03-28,2011-03-28,France,2011-03,1136.3,1,1
2011-03-28,2011-03-28,Germany,2011-03,1089.54,3,2
2011-03-28,2011-03-28,Italy,2011-03,325.5,2,1
2011-03-28,2011-03-28,Portugal,2011-03,400.53999999999996,1,1
2011-03-28,2011-03-28,Spain,2011-03,817.5,1,1
2011-03-28,2011-03-28,United Kingdom,2011-03,15696.78,49,45
2011-03-29,2011-03-28,Netherlands,2011-03,18247.5,2,1
2011-03-29,2011-03-28,United Kingdom,2011-03,18943.02,48,45
2011-03-30,2011-03-28,Finland,2011-03,558.4,1,1
2011-03-30,2011-03-28,Germany,2011-03,418.70000000000005,1,1
2011-03-30,2011-03-28,Netherlands,2011-03,1807.04,1,1
2011-03-30,2011-03-28,Switzerland,2011-03,940.1700000000001,1,1
2011-03-30,2011-03-28,United Kingdom,2011-03,25863.11,62,59
2011-03-31,2011-03-28,EIRE,2011-03,168.4,1,1
2011-03-31,2011-03-28,France,2011-03,5593.59,3,2
2011-03-31,2011-03-28,Germany,2011-03,316.98,2,2
2011-03-31,2011-03-28,Portugal,2011-03,415.52000000000004,1,1
2011-03-31,2011-03-28,United Kingdom,2011-03,19194.12,52,51
2011-04-01,2011-03-28,Australia,2011-04,350.0,1,1
2011-04-01,2011-03-28,EIRE,2011-04,1407.19,1,1
2011-04-01,2011-03-28,France,2011-04,390.75,2,2
2011-04-01,2011-03-28,Germany,2011-04,348.68,1,1
2011-04-01,2011-03-28,United Kingdom,2011-04,22090.2,63,54
2011-04-03,2011-03-28,United Kingdom,2011-04,6918.5,19,18
2011-04-04,2011-04-04,EIRE,2011-04,2448.12,2,2
2011-04-04,2011-04-04,France,2011-04,719.55,2,2
2011-04-04,2011-04-04,Germany,2011-04,674.29,2,1
2011-04-04,2011-04-04,Singapore,2011-04,6090.84,2,1
2011-04-04,2011-04-04,United Kingdom,2011-04,19084.97,46,43
2011-04-05,2011-04-04,Finland,2011-04,367.0,1,1
2011-04-05,2011-04-04,France,2011-04,1136.3,1,1
2011-04-05,2011-04-04,Japan,2011-04,3599.38,1,1
2011-04-05,2011-04-04,Netherlands,2011-04,2284.2,2,1
2011-04-05,2011-04-04,Poland,2011-04,705.8399999999999,1,1
2011-04-05,2011-04-04,Singapore,2011-04,2118.74,1,1
2011-04-05,2011-04-04,United Kingdom,2011-04,18547.91,39,39
2011-04-06,2011-04-04,EIRE,2011-04,955.99,1,1
2011-04-06,2011-04-04,United Kingdom,2011-04,11766.33,36,35
2011-04-07,2011-04-04,Belgium,2011-04,255.36,1,1
2011-04-07,2011-04-04,EIRE,2011-04,583.41,2,1
2011-04-07,2011-04-04,France,2011-04,366.2,1,1
2011-04-07,2011-04-04,Germany,2011-04,415.7,1,1
2011-04-07,2011-04-04,Iceland,2011-04,636.25,1,1
2011-04-07,2011-04-04,Italy,2011-04,482.78999999999996,1,1
2011-04-07,2011-04-04,United Kingdom,2011-04,14088.06,54,51
2011-04-08,2011-04-04,Australia,2011-04,421.6,1,1
2011-04-08,2011-04-04,Germany,2011-04,1672.01,2,2
2011-04-08,2011-04-04,Greece,2011-04,609.74,1,1
2011-04-08,2011-04-04,Portugal,2011-04,481.46000000000004,1,1
2011-04-08,2011-04-04,United Kingdom,2011-04,19535.9,60,58
2011-04-10,2011-04-04,Belgium,2011-04,476.49,1,1
2011-04-10,2011-04-04,United Kingdom,2011-04,9437.49,31,30
2011-04-11,2011-04-11,EIRE,2011-04,998.53,2,1
2011-04-11,2011-04-11,Finland,2011-04,373.72,1,1
2011-04-11,2011-04-11,Germany,2011-04,630.3199999999999,2,2
2011-04-11,2011-04-11,Spain,2011-04,269.95,1,1
2011-04-11,2011-04-11,United Kingdom,2011-04,17612.52,52,48
2011-04-11,2011-04-11,Unspecified,2011-04,299.1,1,1
2011-04-12,2011-04-11,Belgium,2011-04,350.57,1,1
2011-04-12,2011-04-11,United Kingdom,2011-04,23673.39,59,53
2011-04-13,2011-04-11,Channel Islands,2011-04,293.0,1,1
2011-04-13,2011-04-11,Portugal,2011-04,1206.29,1,1
2011-04-13,2011-04-11,United Kingdom,2011-04,22985.13,58,52
2011-04-14,2011-04-11,France,2011-04,669.2,1,1
2011-04-14,2011-04-11,Germany,2011-04,3440.31,6,5
2011-04-14,2011-04-11,Switzerland,2011-04,669.25,1,1
2011-04-14,2011-04-11,United Kingdom,2011-04,30923.94,74,68
2011-04-15,2011-04-11,Belgium,2011-04,142.16,1,1
2011-04-15,2011-04-11,Brazil,2011-04,1143.6,1,1
2011-04-15,2011-04-11,Finland,2011-04,306.2,1,1
2011-04-15,2011-04-11,Sweden,2011-04,486.1,1,1
2011-04-15,2011-04-11,Switzerland,2011-04,219.0,1,1
2011-04-15,2011-04-11,United Kingdom,2011-04,15724.421,36,35
2011-04-17,2011-04-11,EIRE,2011-04,446.74,1,1
2011-04-17,2011-04-11,France,2011-04,630.22,2,2
2011-04-17,2011-04-11,United Kingdom,2011-04,11648.54,39,36
2011-04-18,2011-04-18,Belgium,2011-04,269.66,1,1
2011-04-18,2011-04-18,Germany,2011-04,222.75,1,1
2011-04-18,2011-04-18,Japan,2011-04,2949.12,1,1
2011-04-18,2011-04-18,United Kingdom,2011-04,40272.03,59,53
2011-04-19,2011-04-18,EIRE,2011-04,367.62,1,1
2011-04-19,2011-04-18,Germany,2011-04,2614.6,3,3
2011-04-19,2011-04-18,Italy,2011-04,255.04000000000002,1,1
2011-04-19,2011-04-18,USA,2011-04,383.95,1,1
2011-04-19,2011-04-18,United Kingdom,2011-04,15231.83,47,46
2011-04-20,2011-04-18,France,2011-04,541.2,1,1
2011-04-20,2011-04-18,Germany,2011-04,417.6,1,1
2011-04-20,2011-04-18,Switzerland,2011-04,179.0,1,1
2011-04-20,2011-04-18,United Kingdom,2011-04,24581.15,59,55
2011-04-21,2011-04-18,Finland,2011-04,642.0,1,1
2011-04-21,2011-04-18,France,2011-04,706.55,2,2
2011-04-21,2011-04-18,Germany,2011-04,382.6,2,2
2011-04-21,2011-04-18,Spain,2011-04,1079.4,1,1
2011-04-21,2011-04-18,Switzerland,2011-04,1009.69,1,1
2011-04-21,2011-04-18,United Kingdom,2011-04,23984.23,64,57
2011-04-26,2011-04-25,Austria,2011-04,680.78,2,2
2011-04-26,2011-04-25,European Community,2011-04,191.4,1,1
2011-04-26,2011-04-25,France,2011-04,160.54000000000002,1,1
2011-04-26,2011-04-25,United Kingdom,2011-04,20551.69,55,51
2011-04-27,2011-04-25,EIRE,2011-04,362.9,1,1
2011-04-27,2011-04-25,Germany,2011-04,1209.8,1,1
2011-04-27,2011-04-25,Sweden,2011-04,323.0,1,1
2011-04-27,2011-04-25,United Kingdom,2011-04,21697.5,58,53
2011-04-28,2011-04-25,Belgium,2011-04,495.24,1,1
2011-04-28,2011-04-25,France,2011-04,209.10000000000002,1,1
2011-04-28,2011-04-25,Germany,2011-04,286.88,1,1
2011-04-28,2011-04-25,Netherlands,2011-04,692.36,1,1
2011-04-28,2011-04-25,Spain,2011-04,436.3,1,1
2011-04-28,2011-04-25,United Kingdom,2011-04,19203.41,50,44
2011-05-01,2011-04-25,Germany,2011-05,1094.33,1,1
2011-05-01,2011-04-25,United Kingdom,2011-05,5879.33,17,17
2011-05-03,2011-05-02,EIRE,2011-05,1164.21,2,1
2011-05-03,2011-05-02,France,2011-05,1823.34,6,3
2011-05-03,2011-05-02,United Kingdom,2011-05,25922.86,51,46
2011-05-04,2011-05-02,Canada,2011-05,534.24,1,1
2011-05-04,2011-05-02,Germany,2011-05,822.74,4,3
2011-05-04,2011-05-02,Spain,2011-05,1380.11,1,1
2011-05-04,2011-05-02,United Kingdom,2011-05,24794.91,56,50
2011-05-05,2011-05-02,Belgium,2011-05,149.97,1,1
2011-05-05,2011-05-02,EIRE,2011-05,366.86,1,1
2011-05-05,2011-05-02,France,2011-05,236.0,1,1
2011-05-05,2011-05-02,Germany,2011-05,440.38,2,2
2011-05-05,2011-05-02,Poland,2011-05,154.8,1,1
2011-05-05,2011-05-02,Switzerland,2011-05,2388.31,1,1
2011-05-05,2011-05-02,United Kingdom,2011-05,21496.35,75,69
2011-05-06,2011-05-02,Austria,2011-05,165.85,1,1
2011-05-06,2011-05-02,Belgium,2011-05,381.08,1,1
2011-05-06,2011-05-02,EIRE,2011-05,3869.18,1,1
2011-05-06,2011-05-02,Germany,2011-05,246.07999999999998,1,1
2011-05-06,2011-05-02,Spain,2011-05,522.6,1,1
2011-05-06,2011-05-02,United Kingdom,2011-05,25601.91,72,59
2011-05-08,2011-05-02,EIRE,2011-05,862.53,1,1
2011-05-08,2011-05-02,France,2011-05,1092.43,1,1
2011-05-08,2011-05-02,United Kingdom,2011-05,16912.44,61,56
2011-05-09,2011-05-09,Bahrain,2011-05,459.4,1,1
2011-05-09,2011-05-09,France,2011-05,554.9,2,2
2011-05-09,2011-05-09,Germany,2011-05,667.11,1,1
2011-05-09,2011-05-09,Switzerland,2011-05,315.3,1,1
2011-05-09,2011-05-09,United Kingdom,2011-05,19627.7,58,54
2011-05-10,2011-05-09,Belgium,2011-05,480.90000000000003,1,1
2011-05-10,2011-05-09,France,2011-05,489.1,1,1
2011-05-10,2011-05-09,Germany,2011-05,797.05,2,2
2011-05-10,2011-05-09,United Kingdom,2011-05,27250.97,65,58
2011-05-10,2011-05-09,Unspecified,2011-05,852.68,1,1
2011-05-11,2011-05-09,Denmark,2011-05,515.7,1,1
2011-05-11,2011-05-09,France,2011-05,3018.73,2,2
2011-05-11,2011-05-09,Germany,2011-05,375.0,1,1
2011-05-11,2011-05-09,Netherlands,2011-05,824.4,2,1
2011-05-11,2011-05-09,Sweden,2011-05,8.5,1,1
2011-05-11,2011-05-09,United Kingdom,2011-05,27145.37,66,50
2011-05-12,2011-05-09,Australia,2011-05,475.16,1,1
2011-05-12,2011-05-09,Belgium,2011-05,181.82,1,1
2011-05-12,2011-05-09,France,2011-05,296.53,1,1
2011-05-12,2011-05-09,Germany,2011-05,12165.25,6,4
2011-05-12,2011-05-09,Netherlands,2011-05,16478.46,3,1
2011-05-12,2011-05-09,Portugal,2011-05,1160.5500000000002,2,1
2011-05-12,2011-05-09,Sweden,2011-05,2557.88,1,1
2011-05-12,2011-05-09,United Kingdom,2011-05,26585.91,69,58
2011-05-13,2011-05-09,France,2011-05,1000.51,3,3
2011-05-13,2011-05-09,Germany,2011-05,881.1999999999999,2,1
2011-05-13,2011-05-09,Japan,2011-05,1351.45,1,1
2011-05-13,2011-05-09,United Kingdom,2011-05,22652.670000000002,61,47
2011-05-15,2011-05-09,EIRE,2011-05,603.78,1,1
2011-05-15,2011-05-09,France,2011-05,151.4,1,1
2011-05-15,2011-05-09,United Kingdom,2011-05,8924.87,28,27
2011-05-16,2011-05-16,EIRE,2011-05,4615.36,4,3
2011-05-16,2011-05-16,France,2011-05,756.62,3,3
2011-05-16,2011-05-16,United Kingdom,2011-05,30334.72,57,46
2011-05-17,2011-05-16,Australia,2011-05,11924.800000000001,1,1
2011-05-17,2011-05-16,Belgium,2011-05,297.38,1,1
2011-05-17,2011-05-16,Channel Islands,2011-05,293.0,1,1
2011-05-17,2011-05-16,France,2011-05,793.62,1,1
2011-05-17,2011-05-16,Germany,2011-05,760.28,1,1
2011-05-17,2011-05-16,United Kingdom,2011-05,32337.01,67,51
2011-05-18,2011-05-16,EIRE,2011-05,1414.36,1,1
2011-05-18,2011-05-16,France,2011-05,869.53,3,3
2011-05-18,2011-05-16,Netherlands,2011-05,732.4,1,1
2011-05-18,2011-05-16,Sweden,2011-05,115.60000000000001,1,1
2011-05-18,2011-05-16,United Kingdom,2011-05,29750.98,65,56
2011-05-19,2011-05-16,Bahrain,2011-05,89.0,1,1
2011-05-19,2011-05-16,Channel Islands,2011-05,914.24,1,1
2011-05-19,2011-05-16,EIRE,2011-05,1203.8,2,1
2011-05-19,2011-05-16,France,2011-05,914.51,2,2
2011-05-19,2011-05-16,Germany,2011-05,2081.12,6,5
2011-05-19,2011-05-16,United Kingdom,2011-05,26350.84,80,72
2011-05-20,2011-05-16,Australia,2011-05,766.3599999999999,1,1
2011-05-20,2011-05-16,EIRE,2011-05,380.32,1,1
2011-05-20,2011-05-16,France,2011-05,1118.3999999999999,1,1
2011-05-20,2011-05-16,Netherlands,2011-05,294.72,1,1
2011-05-20,2011-05-16,United Kingdom,2011-05,22929.86,65,54
2011-05-22,2011-05-16,France,2011-05,910.71,2,2
2011-05-22,2011-05-16,Germany,2011-05,1703.81,2,2
2011-05-22,2011-05-16,United Kingdom,2011-05,21616.57,57,53
2011-05-23,2011-05-23,Australia,2011-05,472.09,1,1
2011-05-23,2011-05-23,Austria,2011-05,1083.58,1,1
2011-05-23,2011-05-23,Belgium,2011-05,514.8199999999999,3,2
2011-05-23,2011-05-23,EIRE,2011-05,1007.75,1,1
2011-05-23,2011-05-23,France,2011-05,421.96,1,1
2011-05-23,2011-05-23,Germany,2011-05,1021.65,4,4
2011-05-23,2011-05-23,Portugal,2011-05,3041.6800000000003,3,1
2011-05-23,2011-05-23,United Kingdom,2011-05,23743.96,50,44
2011-05-24,2011-05-23,France,2011-05,393.34,1,1
2011-05-24,2011-05-23,Germany,2011-05,293.25,1,1
2011-05-24,2011-05-23,United Kingdom,2011-05,31775.89,60,51
2011-05-25,2011-05-23,France,2011-05,1280.82,3,3
2011-05-25,2011-05-23,Netherlands,2011-05,1392.0,1,1
2011-05-25,2011-05-23,Poland,2011-05,1367.57,2,2
2011-05-25,2011-05-23,United Kingdom,2011-05,17844.54,54,46
2011-05-26,2011-05-23,EIRE,2011-05,494.04,3,1
2011-05-26,2011-05-23,France,2011-05,630.5,2,2
2011-05-26,2011-05-23,Germany,2011-05,1027.53,5,3
2011-05-26,2011-05-23,Netherlands,2011-05,8980.88,1,1
2011-05-26,2011-05-23,Spain,2011-05,48.4,1,1
2011-05-26,2011-05-23,United Kingdom,2011-05,21583.03,49,42
2011-05-27,2011-05-23,Belgium,2011-05,726.43,1,1
2011-05-27,2011-05-23,France,2011-05,403.09000000000003,1,1
2011-05-27,2011-05-23,Germany,2011-05,716.73,1,1
2011-05-27,2011-05-23,United Kingdom,2011-05,19317.07,53,46
2011-05-29,2011-05-23,Germany,2011-05,582.73,1,1
2011-05-29,2011-05-23,United Kingdom,2011-05,6811.57,23,19
2011-05-31,2011-05-30,France,2011-05,458.84,1,1
2011-05-31,2011-05-30,Germany,2011-05,74.96,1,1
2011-05-31,2011-05-30,Italy,2011-05,587.45,1,1
2011-05-31,2011-05-30,Netherlands,2011-05,483.02000000000004,2,2
2011-05-31,2011-05-30,Spain,2011-05,1306.49,1,1
2011-05-31,2011-05-30,Switzerland,2011-05,906.4,1,1
2011-05-31,2011-05-30,United Kingdom,2011-05,14377.49,44,41
2011-06-01,2011-05-30,Belgium,2011-06,84.92,1,1
2011-06-01,2011-05-30,Germany,2011-06,672.1899999999999,1,1
2011-06-01,2011-05-30,Netherlands,2011-06,5422.8,2,1
2011-06-01,2011-05-30,United Kingdom,2011-06,9210.98,33,32
2011-06-02,2011-05-30,Germany,2011-06,1992.21,2,2
2011-06-02,2011-05-30,Sweden,2011-06,121.55,1,1
2011-06-02,2011-05-30,United Kingdom,2011-06,25990.8,39,30
2011-06-03,2011-05-30,Cyprus,2011-06,1109.32,1,1
2011-06-03,2011-05-30,Germany,2011-06,68.1,1,1
2011-06-03,2011-05-30,Netherlands,2011-06,419.8,1,1
2011-06-03,2011-05-30,Poland,2011-06,25.0,1,1
2011-06-03,2011-05-30,Spain,2011-06,264.4,1,1
2011-06-03,2011-05-30,United Kingdom,2011-06,13155.64,36,32
2011-06-05,2011-05-30,Belgium,2011-06,1296.1200000000001,2,2
2011-06-05,2011-05-30,European Community,2011-06,387.05,1,1
2011-06-05,2011-05-30,France,2011-06,3442.5099999999998,3,3
2011-06-05,2011-05-30,Germany,2011-06,1002.63,2,2
2011-06-05,2011-05-30,United Kingdom,2011-06,19511.23,59,54
2011-06-06,2011-06-06,EIRE,2011-06,958.12,1,1
2011-06-06,2011-06-06,European Community,2011-06,45.0,1,1
2011-06-06,2011-06-06,France,2011-06,371.45,1,1
2011-06-06,2011-06-06,Germany,2011-06,512.8,1,1
2011-06-06,2011-06-06,Netherlands,2011-06,427.58,1,1
2011-06-06,2011-06-06,Spain,2011-06,357.99,1,1
2011-06-06,2011-06-06,United Kingdom,2011-06,13618.04,50,48
2011-06-07,2011-06-06,Belgium,2011-06,607.5500000000001,1,1
2011-06-07,2011-06-06,EIRE,2011-06,254.31,1,1
2011-06-07,2011-06-06,Italy,2011-06,159.11,1,1
2011-06-07,2011-06-06,Portugal,2011-06,243.2,1,1
2011-06-07,2011-06-06,United Kingdom,2011-06,32644.09,67,64
2011-06-08,2011-06-06,Belgium,2011-06,99.45,1,1
2011-06-08,2011-06-06,EIRE,2011-06,3351.32,2,1
2011-06-08,2011-06-06,France,2011-06,1598.08,4,3
2011-06-08,2011-06-06,Malta,2011-06,833.16,1,1
2011-06-08,2011-06-06,Portugal,2011-06,151.95000000000002,1,1
2011-06-08,2011-06-06,Switzerland,2011-06,612.68,1,1
2011-06-08,2011-06-06,United Kingdom,2011-06,23545.49,72,63
2011-06-09,2011-06-06,Belgium,2011-06,130.08,1,1
2011-06-09,2011-06-06,Denmark,2011-06,1621.25,1,1
2011-06-09,2011-06-06,EIRE,2011-06,984.27,2,1
2011-06-09,2011-06-06,France,2011-06,1030.59,2,2
2011-06-09,2011-06-06,Germany,2011-06,475.14,2,2
2011-06-09,2011-06-06,Iceland,2011-06,382.52,1,1
2011-06-09,2011-06-06,Italy,2011-06,42.96,1,1
2011-06-09,2011-06-06,Netherlands,2011-06,84.0,1,1
2011-06-09,2011-06-06,Spain,2011-06,912.66,1,1
2011-06-09,2011-06-06,Sweden,2011-06,319.95,1,1
2011-06-09,2011-06-06,United Kingdom,2011-06,36926.96,69,64
2011-06-10,2011-06-06,France,2011-06,480.0,1,1
2011-06-10,2011-06-06,Germany,2011-06,627.4,1,1
2011-06-10,2011-06-06,Switzerland,2011-06,6207.08,1,1
2011-06-10,2011-06-06,United Kingdom,2011-06,50930.64,41,38
2011-06-12,2011-06-06,France,2011-06,360.18,1,1
2011-06-12,2011-06-06,Germany,2011-06,583.2,1,1
2011-06-12,2011-06-06,United Kingdom,2011-06,11528.83,36,36
2011-06-13,2011-06-13,EIRE,2011-06,821.32,1,1
2011-06-13,2011-06-13,France,2011-06,2399.62,3,3
2011-06-13,2011-06-13,Germany,2011-06,2557.64,3,3
2011-06-13,2011-06-13,United Kingdom,2011-06,13940.53,45,42
2011-06-14,2011-06-13,United Kingdom,2011-06,33334.47,52,42
2011-06-15,2011-06-13,Australia,2011-06,23426.81,2,1
2011-06-15,2011-06-13,EIRE,2011-06,4483.58,2,1
2011-06-15,2011-06-13,France,2011-06,1586.67,4,3
2011-06-15,2011-06-13,Portugal,2011-06,489.31,1,1
2011-06-15,2011-06-13,United Kingdom,2011-06,15091.17,41,36
2011-06-16,2011-06-13,EIRE,2011-06,1012.86,1,1
2011-06-16,2011-06-13,France,2011-06,510.27,1,1
2011-06-16,2011-06-13,Germany,2011-06,683.35,2,1
2011-06-16,2011-06-13,Poland,2011-06,318.65000000000003,1,1
2011-06-16,2011-06-13,Spain,2011-06,1137.99,1,1
2011-06-16,2011-06-13,United Kingdom,2011-06,28644.65,75,69
2011-06-17,2011-06-13,Belgium,2011-06,992.02,2,2
2011-06-17,2011-06-13,Channel Islands,2011-06,2060.0299999999997,1,1
2011-06-17,2011-06-13,EIRE,2011-06,626.13,1,1
2011-06-17,2011-06-13,France,2011-06,1359.58,1,1
2011-06-17,2011-06-13,United Kingdom,2011-06,14021.47,41,30
2011-06-19,2011-06-13,EIRE,2011-06,303.3,1,1
2011-06-19,2011-06-13,France,2011-06,125.46000000000001,1,1
2011-06-19,2011-06-13,Netherlands,2011-06,5683.0599999999995,1,1
2011-06-19,2011-06-13,Spain,2011-06,564.97,3,3
2011-06-19,2011-06-13,United Kingdom,2011-06,15765.39,54,51
2011-06-20,2011-06-20,Canada,2011-06,1171.46,1,1
2011-06-20,2011-06-20,Denmark,2011-06,1125.4,1,1
2011-06-20,2011-06-20,France,2011-06,734.5600000000001,2,2
2011-06-20,2011-06-20,Germany,2011-06,1965.74,1,1
2011-06-20,2011-06-20,Netherlands,2011-06,154.67000000000002,1,1
2011-06-20,2011-06-20,Norway,2011-06,3316.6600000000003,2,1
2011-06-20,2011-06-20,United Kingdom,2011-06,17482.46,50,41
2011-06-20,2011-06-20,Unspecified,2011-06,185.78,1,1
2011-06-21,2011-06-20,EIRE,2011-06,147.39999999999998,1,1
2011-06-21,2011-06-20,France,2011-06,257.3,1,1
2011-06-21,2011-06-20,Germany,2011-06,427.76,1,1
2011-06-21,2011-06-20,Netherlands,2011-06,637.72,1,1
2011-06-21,2011-06-20,Norway,2011-06,1870.2,1,1
2011-06-21,2011-06-20,United Kingdom,2011-06,16510.28,43,40
2011-06-22,2011-06-20,Belgium,2011-06,459.84,1,1
2011-06-22,2011-06-20,EIRE,2011-06,1019.1999999999999,2,2
2011-06-22,2011-06-20,France,2011-06,852.44,2,2
2011-06-22,2011-06-20,Japan,2011-06,1607.04,1,1
2011-06-22,2011-06-20,Malta,2011-06,30.0,1,1
2011-06-22,2011-06-20,Norway,2011-06,700.0,1,1
2011-06-22,2011-06-20,United Kingdom,2011-06,16501.9,49,47
2011-06-23,2011-06-20,Belgium,2011-06,440.94,1,1
2011-06-23,2011-06-20,Denmark,2011-06,514.5,1,1
2011-06-23,2011-06-20,EIRE,2011-06,372.3,2,1
2011-06-23,2011-06-20,Finland,2011-06,329.56,1,1
2011-06-23,2011-06-20,Germany,2011-06,276.93,1,1
2011-06-23,2011-06-20,Sweden,2011-06,390.5,1,1
2011-06-23,2011-06-20,United Kingdom,2011-06,20232.08,62,58
2011-06-24,2011-06-20,EIRE,2011-06,1000.31,2,1
2011-06-24,2011-06-20,France,2011-06,634.74,1,1
2011-06-24,2011-06-20,Germany,2011-06,185.64000000000001,1,1
2011-06-24,2011-06-20,Switzerland,2011-06,417.36,1,1
2011-06-24,2011-06-20,United Kingdom,2011-06,13783.66,40,36
2011-06-26,2011-06-20,Germany,2011-06,44.25,1,1
2011-06-26,2011-06-20,Spain,2011-06,95.19999999999999,1,1
2011-06-26,2011-06-20,Switzerland,2011-06,667.03,1,1
2011-06-26,2011-06-20,United Kingdom,2011-06,6276.01,23,21
2011-06-27,2011-06-27,EIRE,2011-06,816.32,2,1
2011-06-27,2011-06-27,France,2011-06,201.24,1,1
2011-06-27,2011-06-27,United Kingdom,2011-06,12394.64,32,29
2011-06-28,2011-06-27,France,2011-06,134.28,1,1
2011-06-28,2011-06-27,Netherlands,2011-06,14028.46,3,1
2011-06-28,2011-06-27,United Kingdom,2011-06,16369.630000000001,45,39
2011-06-29,2011-06-27,EIRE,2011-06,2928.89,2,2
2011-06-29,2011-06-27,United Kingdom,2011-06,9641.74,37,34
2011-06-30,2011-06-27,Australia,2011-06,1760.96,2,1
2011-06-30,2011-06-27,Belgium,2011-06,163.9,1,1
2011-06-30,2011-06-27,EIRE,2011-06,756.36,1,1
2011-06-30,2011-06-27,Germany,2011-06,1199.12,3,3
2011-06-30,2011-06-27,United Kingdom,2011-06,37862.7,58,49
2011-07-01,2011-06-27,EIRE,2011-07,1794.18,3,3
2011-07-01,2011-06-27,France,2011-07,451.86,2,2
2011-07-01,2011-06-27,Germany,2011-07,71.4,1,1
2011-07-01,2011-06-27,Switzerland,2011-07,360.8,1,1
2011-07-01,2011-06-27,United Kingdom,2011-07,9511.05,35,28
2011-07-03,2011-06-27,United Kingdom,2011-07,6032.39,25,24
2011-07-04,2011-07-04,France,2011-07,474.36,1,1
2011-07-04,2011-07-04,Germany,2011-07,1418.1,3,3
2011-07-04,2011-07-04,Spain,2011-07,4146.34,1,1
2011-07-04,2011-07-04,United Kingdom,2011-07,24946.37,32,27
2011-07-05,2011-07-04,EIRE,2011-07,205.60000000000002,1,1
2011-07-05,2011-07-04,Finland,2011-07,632.44,1,1
2011-07-05,2011-07-04,France,2011-07,662.35,1,1
2011-07-05,2011-07-04,United Kingdom,2011-07,24491.87,61,55
2011-07-06,2011-07-04,Belgium,2011-07,719.06,1,1
2011-07-06,2011-07-04,France,2011-07,1056.62,1,1
2011-07-06,2011-07-04,Spain,2011-07,230.5,2,2
2011-07-06,2011-07-04,Sweden,2011-07,2825.1,1,1
2011-07-06,2011-07-04,United Kingdom,2011-07,18129.2,61,56
2011-07-07,2011-07-04,Belgium,2011-07,303.76,1,1
2011-07-07,2011-07-04,Germany,2011-07,1224.86,3,2
2011-07-07,2011-07-04,Spain,2011-07,463.37,2,2
2011-07-07,2011-07-04,United Kingdom,2011-07,25901.670000000002,67,62
2011-07-08,2011-07-04,France,2011-07,1193.25,3,3
2011-07-08,2011-07-04,Germany,2011-07,1001.69,2,2
2011-07-08,2011-07-04,Switzerland,2011-07,626.88,1,1
2011-07-08,2011-07-04,United Kingdom,2011-07,14736.48,40,36
2011-07-10,2011-07-04,United Kingdom,2011-07,5993.87,24,20
2011-07-11,2011-07-11,Canada,2011-07,1217.64,1,1
2011-07-11,2011-07-11,France,2011-07,611.08,2,2
2011-07-11,2011-07-11,Greece,2011-07,421.24,1,1
2011-07-11,2011-07-11,Spain,2011-07,312.9,1,1
2011-07-11,2011-07-11,United Kingdom,2011-07,17517.170000000002,43,38
2011-07-12,2011-07-11,Austria,2011-07,484.86,1,1
2011-07-12,2011-07-11,France,2011-07,1223.85,4,3
2011-07-12,2011-07-11,Germany,2011-07,558.96,3,2
2011-07-12,2011-07-11,United Kingdom,2011-07,15680.52,37,35
2011-07-13,2011-07-11,Australia,2011-07,2796.36,2,1
2011-07-13,2011-07-11,Belgium,2011-07,45.599999999999994,1,1
2011-07-13,2011-07-11,France,2011-07,915.46,1,1
2011-07-13,2011-07-11,Germany,2011-07,281.71,1,1
2011-07-13,2011-07-11,Poland,2011-07,239.2,1,1
2011-07-13,2011-07-11,Portugal,2011-07,1452.2,2,2
2011-07-13,2011-07-11,United Kingdom,2011-07,13702.32,48,43
2011-07-14,2011-07-11,Australia,2011-07,902.09,1,1
2011-07-14,2011-07-11,EIRE,2011-07,1802.07,2,2
2011-07-14,2011-07-11,Finland,2011-07,1710.39,1,1
2011-07-14,2011-07-11,Germany,2011-07,1563.28,2,2
2011-07-14,2011-07-11,Israel,2011-07,1430.75,1,1
2011-07-14,2011-07-11,United Kingdom,2011-07,24360.28,61,53
2011-07-14,2011-07-11,Unspecified,2011-07,252.05,1,1
2011-07-15,2011-07-11,Canada,2011-07,550.94,1,1
2011-07-15,2011-07-11,Germany,2011-07,1337.1100000000001,2,2
2011-07-15,2011-07-11,Poland,2011-07,448.1,1,1
2011-07-15,2011-07-11,United Kingdom,2011-07,9521.15,33,30
2011-07-17,2011-07-11,France,2011-07,150.1,1,1
2011-07-17,2011-07-11,Germany,2011-07,345.23,1,1
2011-07-17,2011-07-11,United Kingdom,2011-07,16463.27,48,43
2011-07-18,2011-07-18,EIRE,2011-07,800.46,1,1
2011-07-18,2011-07-18,France,2011-07,1866.08,2,2
2011-07-18,2011-07-18,Singapore,2011-07,3949.32,1,1
2011-07-18,2011-07-18,United Kingdom,2011-07,15402.5,42,41
2011-07-19,2011-07-18,Australia,2011-07,641.6700000000001,2,2
2011-07-19,2011-07-18,EIRE,2011-07,13584.64,4,2
2011-07-19,2011-07-18,Finland,2011-07,653.9,1,1
2011-07-19,2011-07-18,France,2011-07,99.6,1,1
2011-07-19,2011-07-18,Germany,2011-07,2447.9,5,4
2011-07-19,2011-07-18,United Kingdom,2011-07,29171.37,49,47
2011-07-20,2011-07-18,Germany,2011-07,947.97,2,2
2011-07-20,2011-07-18,Netherlands,2011-07,26.02,1,1
2011-07-20,2011-07-18,Portugal,2011-07,835.65,1,1
2011-07-20,2011-07-18,Spain,2011-07,301.52,1,1
2011-07-20,2011-07-18,United Kingdom,2011-07,24965.81,48,42
2011-07-21,2011-07-18,EIRE,2011-07,1338.29,3,1
2011-07-21,2011-07-18,European Community,2011-07,676.8,1,1
2011-07-21,2011-07-18,Germany,2011-07,1905.63,2,2
2011-07-21,2011-07-18,United Kingdom,2011-07,26473.99,64,55
2011-07-22,2011-07-18,Germany,2011-07,768.02,1,1
2011-07-22,2011-07-18,Norway,2011-07,890.0699999999999,1,1
2011-07-22,2011-07-18,United Kingdom,2011-07,12975.68,35,32
2011-07-24,2011-07-18,Australia,2011-07,505.46,1,1
2011-07-24,2011-07-18,France,2011-07,412.93,1,1
2011-07-24,2011-07-18,Germany,2011-07,612.1,1,1
2011-07-24,2011-07-18,Japan,2011-07,174.0,1,1
2011-07-24,2011-07-18,United Kingdom,2011-07,25092.43,53,49
2011-07-25,2011-07-25,Denmark,2011-07,376.24,1,1
2011-07-25,2011-07-25,Germany,2011-07,1131.18,2,2
2011-07-25,2011-07-25,Spain,2011-07,1358.3899999999999,1,1
2011-07-25,2011-07-25,Switzerland,2011-07,856.0,1,1
2011-07-25,2011-07-25,United Kingdom,2011-07,15965.5,48,44
2011-07-26,2011-07-25,Australia,2011-07,118.8,1,1
2011-07-26,2011-07-25,EIRE,2011-07,396.77,1,1
2011-07-26,2011-07-25,Italy,2011-07,147.1,1,1
2011-07-26,2011-07-25,Switzerland,2011-07,593.74,1,1
2011-07-26,2011-07-25,United Kingdom,2011-07,16036.591,42,40
2011-07-27,2011-07-25,Belgium,2011-07,1214.81,1,1
2011-07-27,2011-07-25,EIRE,2011-07,764.51,2,1
2011-07-27,2011-07-25,France,2011-07,204.75,1,1
2011-07-27,2011-07-25,Germany,2011-07,440.7,1,1
2011-07-27,2011-07-25,Japan,2011-07,3680.4,1,1
2011-07-27,2011-07-25,United Kingdom,2011-07,16550.15,38,34
2011-07-28,2011-07-25,Austria,2011-07,707.09,1,1
2011-07-28,2011-07-25,Belgium,2011-07,192.34,1,1
2011-07-28,2011-07-25,EIRE,2011-07,4969.32,2,1
2011-07-28,2011-07-25,Germany,2011-07,385.14,1,1
2011-07-28,2011-07-25,Spain,2011-07,811.9,1,1
2011-07-28,2011-07-25,United Kingdom,2011-07,46586.15,70,62
2011-07-28,2011-07-25,Unspecified,2011-07,546.43,2,1
2011-07-29,2011-07-25,EIRE,2011-07,728.94,1,1
2011-07-29,2011-07-25,France,2011-07,677.9,1,1
2011-07-29,2011-07-25,United Kingdom,2011-07,15833.77,60,55
2011-07-31,2011-07-25,EIRE,2011-07,14520.369999999999,2,2
2011-07-31,2011-07-25,Sweden,2011-07,3976.99,2,2
2011-07-31,2011-07-25,Switzerland,2011-07,1325.23,1,1
2011-07-31,2011-07-25,United Kingdom,2011-07,13570.7,36,32
2011-08-01,2011-08-01,Channel Islands,2011-08,759.56,1,1
2011-08-01,2011-08-01,Germany,2011-08,1089.18,1,1
2011-08-01,2011-08-01,United Kingdom,2011-08,17959.66,37,33
2011-08-02,2011-08-01,Belgium,2011-08,777.95,1,1
2011-08-02,2011-08-01,France,2011-08,85.8,1,1
2011-08-02,2011-08-01,Germany,2011-08,1135.27,3,3
2011-08-02,2011-08-01,Iceland,2011-08,584.9100000000001,1,1
2011-08-02,2011-08-01,Switzerland,2011-08,4008.62,1,1
2011-08-02,2011-08-01,United Kingdom,2011-08,13684.5,34,32
2011-08-03,2011-08-01,France,2011-08,1202.22,1,1
2011-08-03,2011-08-01,Germany,2011-08,221.04,1,1
2011-08-03,2011-08-01,Poland,2011-08,275.88,1,1
2011-08-03,2011-08-01,United Kingdom,2011-08,24918.63,59,56
2011-08-04,2011-08-01,Belgium,2011-08,355.56,1,1
2011-08-04,2011-08-01,EIRE,2011-08,4345.1,1,1
2011-08-04,2011-08-01,Finland,2011-08,360.81,1,1
2011-08-04,2011-08-01,France,2011-08,511.03,1,1
2011-08-04,2011-08-01,Germany,2011-08,1287.98,2,2
2011-08-04,2011-08-01,Italy,2011-08,12.75,1,1
2011-08-04,2011-08-01,Spain,2011-08,867.43,2,2
2011-08-04,2011-08-01,Sweden,2011-08,612.0,1,1
2011-08-04,2011-08-01,United Kingdom,2011-08,53726.95,69,66
2011-08-05,2011-08-01,EIRE,2011-08,1572.73,1,1
2011-08-05,2011-08-01,France,2011-08,830.3000000000001,2,2
2011-08-05,2011-08-01,Germany,2011-08,1079.55,2,2
2011-08-05,2011-08-01,Italy,2011-08,946.75,1,1
2011-08-05,2011-08-01,United Kingdom,2011-08,15396.07,46,41
2011-08-07,2011-08-01,Germany,2011-08,107.4,1,1
2011-08-07,2011-08-01,United Kingdom,2011-08,7469.56,28,27
2011-08-08,2011-08-08,Austria,2011-08,981.38,1,1
2011-08-08,2011-08-08,EIRE,2011-08,829.96,1,1
2011-08-08,2011-08-08,Germany,2011-08,416.65,1,1
2011-08-08,2011-08-08,Sweden,2011-08,249.10000000000002,2,2
2011-08-08,2011-08-08,United Kingdom,2011-08,17281.53,33,33
2011-08-09,2011-08-08,Germany,2011-08,102.98,1,1
2011-08-09,2011-08-08,Netherlands,2011-08,12498.71,2,1
2011-08-09,2011-08-08,United Kingdom,2011-08,13355.43,37,36
2011-08-10,2011-08-08,Denmark,2011-08,213.15,1,1
2011-08-10,2011-08-08,EIRE,2011-08,1253.05,1,1
2011-08-10,2011-08-08,France,2011-08,248.35,1,1
2011-08-10,2011-08-08,Italy,2011-08,721.95,1,1
2011-08-10,2011-08-08,Norway,2011-08,757.0699999999999,1,1
2011-08-10,2011-08-08,Switzerland,2011-08,292.69,1,1
2011-08-10,2011-08-08,United Kingdom,2011-08,16375.3,37,36
2011-08-11,2011-08-08,Belgium,2011-08,469.25,1,1
2011-08-11,2011-08-08,EIRE,2011-08,1672.4,2,1
2011-08-11,2011-08-08,Finland,2011-08,605.14,1,1
2011-08-11,2011-08-08,Netherlands,2011-08,19150.66,1,1
2011-08-11,2011-08-08,United Kingdom,2011-08,32488.72,59,54
2011-08-12,2011-08-08,Australia,2011-08,608.76,1,1
2011-08-12,2011-08-08,Belgium,2011-08,209.62,1,1
2011-08-12,2011-08-08,EIRE,2011-08,2165.63,2,1
2011-08-12,2011-08-08,France,2011-08,412.88,1,1
2011-08-12,2011-08-08,Netherlands,2011-08,825.6,1,1
2011-08-12,2011-08-08,Norway,2011-08,1268.74,1,1
2011-08-12,2011-08-08,United Kingdom,2011-08,12478.94,39,34
2011-08-14,2011-08-08,France,2011-08,46.65,1,1
2011-08-14,2011-08-08,United Kingdom,2011-08,5671.92,24,20
2011-08-15,2011-08-15,EIRE,2011-08,467.42,1,1
2011-08-15,2011-08-15,France,2011-08,1161.07,1,1
2011-08-15,2011-08-15,Germany,2011-08,378.12,1,1
2011-08-15,2011-08-15,Malta,2011-08,905.5,1,1
2011-08-15,2011-08-15,Portugal,2011-08,1221.4,1,1
2011-08-15,2011-08-15,United Kingdom,2011-08,13110.46,43,41
2011-08-16,2011-08-15,Germany,2011-08,115.30000000000001,1,1
2011-08-16,2011-08-15,Spain,2011-08,200.24,2,1
2011-08-16,2011-08-15,Sweden,2011-08,185.9,1,1
2011-08-16,2011-08-15,United Kingdom,2011-08,15576.4,46,41
2011-08-17,2011-08-15,EIRE,2011-08,1578.69,2,1
2011-08-17,2011-08-15,France,2011-08,580.08,1,1
2011-08-17,2011-08-15,Germany,2011-08,748.06,2,2
2011-08-17,2011-08-15,Spain,2011-08,231.76,1,1
2011-08-17,2011-08-15,United Kingdom,2011-08,45631.05,45,40
2011-08-18,2011-08-15,Australia,2011-08,21880.44,1,1
2011-08-18,2011-08-15,EIRE,2011-08,131.85,1,1
2011-08-18,2011-08-15,France,2011-08,764.79,2,2
2011-08-18,2011-08-15,Israel,2011-08,4873.8099999999995,1,1
2011-08-18,2011-08-15,United Kingdom,2011-08,26431.920000000002,62,59
2011-08-19,2011-08-15,Austria,2011-08,534.7,1,1
2011-08-19,2011-08-15,Belgium,2011-08,789.87,2,2
2011-08-19,2011-08-15,EIRE,2011-08,989.49,1,1
2011-08-19,2011-08-15,France,2011-08,612.29,1,1
2011-08-19,2011-08-15,Germany,2011-08,882.63,3,3
2011-08-19,2011-08-15,Switzerland,2011-08,668.58,1,1
2011-08-19,2011-08-15,United Kingdom,2011-08,12862.03,46,45
2011-08-21,2011-08-15,Channel Islands,2011-08,1432.0,1,1
2011-08-21,2011-08-15,EIRE,2011-08,458.9,1,1
2011-08-21,2011-08-15,France,2011-08,528.77,2,2
2011-08-21,2011-08-15,Germany,2011-08,324.83,1,1
2011-08-21,2011-08-15,Spain,2011-08,13.25,1,1
2011-08-21,2011-08-15,United Kingdom,2011-08,11809.09,32,30
2011-08-22,2011-08-22,Germany,2011-08,2269.37,3,3
2011-08-22,2011-08-22,Malta,2011-08,213.5,1,1
2011-08-22,2011-08-22,United Kingdom,2011-08,26609.28,57,51
2011-08-22,2011-08-22,Unspecified,2011-08,531.03,2,2
2011-08-23,2011-08-22,Channel Islands,2011-08,2705.22,3,2
2011-08-23,2011-08-22,EIRE,2011-08,50.0,1,1
2011-08-23,2011-08-22,France,2011-08,947.36,2,2
2011-08-23,2011-08-22,Germany,2011-08,487.17,2,2
2011-08-23,2011-08-22,Netherlands,2011-08,424.8,1,1
2011-08-23,2011-08-22,United Kingdom,2011-08,17784.56,51,48
2011-08-24,2011-08-22,France,2011-08,428.91,2,2
2011-08-24,2011-08-22,Germany,2011-08,1709.43,7,5
2011-08-24,2011-08-22,Spain,2011-08,509.34000000000003,1,1
2011-08-24,2011-08-22,United Kingdom,2011-08,35969.33,62,51
2011-08-25,2011-08-22,Belgium,2011-08,752.79,2,2
2011-08-25,2011-08-22,Canada,2011-08,51.559999999999995,1,1
2011-08-25,2011-08-22,France,2011-08,2169.21,4,4
2011-08-25,2011-08-22,Germany,2011-08,620.15,2,2
2011-08-25,2011-08-22,Italy,2011-08,309.5,1,1
2011-08-25,2011-08-22,Sweden,2011-08,353.86,1,1
2011-08-25,2011-08-22,United Kingdom,2011-08,18238.22,61,57
2011-08-26,2011-08-22,EIRE,2011-08,1452.16,2,1
2011-08-26,2011-08-22,Finland,2011-08,410.55,1,1
2011-08-26,2011-08-22,France,2011-08,1130.95,1,1
2011-08-26,2011-08-22,Germany,2011-08,405.13,2,2
2011-08-26,2011-08-22,Netherlands,2011-08,7428.04,3,1
2011-08-26,2011-08-22,United Kingdom,2011-08,13284.81,36,35
2011-08-28,2011-08-22,Spain,2011-08,1246.49,1,1
2011-08-28,2011-08-22,United Kingdom,2011-08,9558.54,36,35
2011-08-30,2011-08-29,Germany,2011-08,403.83,1,1
2011-08-30,2011-08-29,Poland,2011-08,125.92,1,1
2011-08-30,2011-08-29,United Kingdom,2011-08,8303.960000000001,21,21
2011-08-31,2011-08-29,Belgium,2011-08,198.98,1,1
2011-08-31,2011-08-29,France,2011-08,2150.3,4,3
2011-08-31,2011-08-29,Germany,2011-08,5436.7,2,2
2011-08-31,2011-08-29,Spain,2011-08,278.4,2,2
2011-08-31,2011-08-29,United Kingdom,2011-08,12476.460000000001,33,31
2011-09-01,2011-08-29,Australia,2011-09,2941.7200000000003,2,1
2011-09-01,2011-08-29,EIRE,2011-09,3880.56,2,1
2011-09-01,2011-08-29,Norway,2011-09,509.01,1,1
2011-09-01,2011-08-29,United Arab Emirates,2011-09,975.54,1,1
2011-09-01,2011-08-29,United Kingdom,2011-09,29063.32,70,65
2011-09-02,2011-08-29,Belgium,2011-09,642.28,1,1
2011-09-02,2011-08-29,EIRE,2011-09,749.13,1,1
2011-09-02,2011-08-29,Finland,2011-09,230.3,1,1
2011-09-02,2011-08-29,France,2011-09,942.76,3,2
2011-09-02,2011-08-29,Germany,2011-09,465.68,1,1
2011-09-02,2011-08-29,Portugal,2011-09,317.0,1,1
2011-09-02,2011-08-29,Sweden,2011-09,309.45,1,1
2011-09-02,2011-08-29,United Kingdom,2011-09,26640.45,55,50
2011-09-04,2011-08-29,EIRE,2011-09,629.04,1,1
2011-09-04,2011-08-29,France,2011-09,891.8199999999999,1,1
2011-09-04,2011-08-29,Germany,2011-09,2390.71,5,5
2011-09-04,2011-08-29,United Kingdom,2011-09,13093.460000000001,42,38
2011-09-05,2011-09-05,Australia,2011-09,147.7,1,1
2011-09-05,2011-09-05,EIRE,2011-09,8488.86,3,1
2011-09-05,2011-09-05,France,2011-09,995.0,2,2
2011-09-05,2011-09-05,Poland,2011-09,529.25,2,2
2011-09-05,2011-09-05,Spain,2011-09,1092.35,1,1
2011-09-05,2011-09-05,United Kingdom,2011-09,24445.54,58,50
2011-09-06,2011-09-05,EIRE,2011-09,4234.1900000000005,2,1
2011-09-06,2011-09-05,Germany,2011-09,1002.44,4,3
2011-09-06,2011-09-05,Switzerland,2011-09,200.0,1,1
2011-09-06,2011-09-05,United Kingdom,2011-09,20059.19,54,49
2011-09-07,2011-09-05,EIRE,2011-09,3415.29,4,2
2011-09-07,2011-09-05,France,2011-09,2889.7599999999998,3,3
2011-09-07,2011-09-05,United Kingdom,2011-09,15662.37,39,37
2011-09-08,2011-09-05,France,2011-09,1461.49,2,2
2011-09-08,2011-09-05,Germany,2011-09,1253.38,3,3
2011-09-08,2011-09-05,Netherlands,2011-09,1946.68,2,1
2011-09-08,2011-09-05,Spain,2011-09,459.99,1,1
2011-09-08,2011-09-05,United Kingdom,2011-09,18066.76,64,56
2011-09-09,2011-09-05,Belgium,2011-09,1087.7,1,1
2011-09-09,2011-09-05,France,2011-09,2074.8,3,3
2011-09-09,2011-09-05,Netherlands,2011-09,186.56,1,1
2011-09-09,2011-09-05,Norway,2011-09,2608.11,1,1
2011-09-09,2011-09-05,United Kingdom,2011-09,19184.98,52,46
2011-09-11,2011-09-05,France,2011-09,112.38,1,1
2011-09-11,2011-09-05,Germany,2011-09,1653.89,3,3
2011-09-11,2011-09-05,United Kingdom,2011-09,33745.4,71,64
2011-09-12,2011-09-12,United Kingdom,2011-09,27989.4,67,62
2011-09-13,2011-09-12,Finland,2011-09,319.6,1,1
2011-09-13,2011-09-12,France,2011-09,94.32000000000001,1,1
2011-09-13,2011-09-12,Germany,2011-09,199.8,1,1
2011-09-13,2011-09-12,Netherlands,2011-09,8281.12,1,1
2011-09-13,2011-09-12,Sweden,2011-09,4114.08,1,1
2011-09-13,2011-09-12,United Kingdom,2011-09,35153.33,58,56
2011-09-14,2011-09-12,EIRE,2011-09,781.11,1,1
2011-09-14,2011-09-12,France,2011-09,357.32,1,1
2011-09-14,2011-09-12,Germany,2011-09,351.65,1,1
2011-09-14,2011-09-12,Japan,2011-09,112.07999999999998,1,1
2011-09-14,2011-09-12,Switzerland,2011-09,743.28,1,1
2011-09-14,2011-09-12,United Kingdom,2011-09,19682.510000000002,60,53
2011-09-15,2011-09-12,EIRE,2011-09,693.53,2,1
2011-09-15,2011-09-12,France,2011-09,2686.16,3,3
2011-09-15,2011-09-12,Norway,2011-09,562.54,1,1
2011-09-15,2011-09-12,Switzerland,2011-09,160.0,1,1
2011-09-15,2011-09-12,United Kingdom,2011-09,67891.44,72,64
2011-09-16,2011-09-12,Australia,2011-09,519.89,1,1
2011-09-16,2011-09-12,Germany,2011-09,1257.0,3,3
2011-09-16,2011-09-12,United Kingdom,2011-09,21472.09,42,40
2011-09-18,2011-09-12,United Kingdom,2011-09,15745.73,27,25
2011-09-19,2011-09-19,Belgium,2011-09,392.40000000000003,1,1
2011-09-19,2011-09-19,Channel Islands,2011-09,1062.1,1,1
2011-09-19,2011-09-19,Cyprus,2011-09,196.35,1,1
2011-09-19,2011-09-19,EIRE,2011-09,648.48,1,1
2011-09-19,2011-09-19,France,2011-09,2035.05,4,4
2011-09-19,2011-09-19,Germany,2011-09,2172.4900000000002,4,3
2011-09-19,2011-09-19,Netherlands,2011-09,15618.28,2,1
2011-09-19,2011-09-19,Norway,2011-09,4366.78,1,1
2011-09-19,2011-09-19,Spain,2011-09,971.65,1,1
2011-09-19,2011-09-19,United Kingdom,2011-09,19143.64,53,49
2011-09-20,2011-09-19,EIRE,2011-09,1798.39,2,1
2011-09-20,2011-09-19,France,2011-09,377.66,1,1
2011-09-20,2011-09-19,Germany,2011-09,138.48,1,1
2011-09-20,2011-09-19,Italy,2011-09,279.8,1,1
2011-09-20,2011-09-19,Norway,2011-09,366.25,1,1
2011-09-20,2011-09-19,United Kingdom,2011-09,100475.23,61,48
2011-09-21,2011-09-19,Belgium,2011-09,549.84,1,1
2011-09-21,2011-09-19,Denmark,2011-09,3850.9,1,1
2011-09-21,2011-09-19,EIRE,2011-09,381.22,1,1
2011-09-21,2011-09-19,France,2011-09,1083.76,4,4
2011-09-21,2011-09-19,Germany,2011-09,1049.04,2,2
2011-09-21,2011-09-19,Spain,2011-09,964.83,1,1
2011-09-21,2011-09-19,Switzerland,2011-09,4.95,1,1
2011-09-21,2011-09-19,United Kingdom,2011-09,30618.52,56,54
2011-09-22,2011-09-19,Belgium,2011-09,705.8100000000001,2,2
2011-09-22,2011-09-19,EIRE,2011-09,1254.42,3,1
2011-09-22,2011-09-19,Finland,2011-09,245.55,1,1
2011-09-22,2011-09-19,France,2011-09,1679.7,4,4
2011-09-22,2011-09-19,Germany,2011-09,708.23,3,3
2011-09-22,2011-09-19,Netherlands,2011-09,904.62,1,1
2011-09-22,2011-09-19,Portugal,2011-09,777.2,1,1
2011-09-22,2011-09-19,Switzerland,2011-09,4860.64,1,1
2011-09-22,2011-09-19,United Arab Emirates,2011-09,37.5,1,1
2011-09-22,2011-09-19,United Kingdom,2011-09,46695.69,94,79
2011-09-23,2011-09-19,EIRE,2011-09,3502.9,2,1
2011-09-23,2011-09-19,France,2011-09,790.54,1,1
2011-09-23,2011-09-19,Germany,2011-09,2569.5,4,4
2011-09-23,2011-09-19,Spain,2011-09,1037.68,2,2
2011-09-23,2011-09-19,United Kingdom,2011-09,23880.48,49,48
2011-09-25,2011-09-19,Australia,2011-09,825.9200000000001,1,1
2011-09-25,2011-09-19,Finland,2011-09,310.0,1,1
2011-09-25,2011-09-19,France,2011-09,775.99,2,2
2011-09-25,2011-09-19,Portugal,2011-09,339.02,1,1
2011-09-25,2011-09-19,Spain,2011-09,372.24,1,1
2011-09-25,2011-09-19,United Kingdom,2011-09,28749.491,69,68
2011-09-26,2011-09-26,Channel Islands,2011-09,261.65,1,1
2011-09-26,2011-09-26,Denmark,2011-09,336.14,1,1
2011-09-26,2011-09-26,EIRE,2011-09,1156.14,2,1
2011-09-26,2011-09-26,Germany,2011-09,704.0400000000001,1,1
2011-09-26,2011-09-26,United Kingdom,2011-09,26871.871,60,58
2011-09-27,2011-09-26,EIRE,2011-09,776.3000000000001,1,1
2011-09-27,2011-09-26,France,2011-09,189.2,1,1
2011-09-27,2011-09-26,Germany,2011-09,417.2,1,1
2011-09-27,2011-09-26,Spain,2011-09,290.5,1,1
2011-09-27,2011-09-26,United Kingdom,2011-09,27601.16,72,64
2011-09-28,2011-09-26,Australia,2011-09,671.5,3,2
2011-09-28,2011-09-26,Belgium,2011-09,829.99,1,1
2011-09-28,2011-09-26,EIRE,2011-09,2350.39,5,1
2011-09-28,2011-09-26,France,2011-09,644.75,1,1
2011-09-28,2011-09-26,Germany,2011-09,367.37,1,1
2011-09-28,2011-09-26,Norway,2011-09,266.25,1,1
2011-09-28,2011-09-26,Switzerland,2011-09,1810.51,1,1
2011-09-28,2011-09-26,United Kingdom,2011-09,32117.13,67,64
2011-09-29,2011-09-26,Denmark,2011-09,383.12,1,1
2011-09-29,2011-09-26,France,2011-09,1395.68,4,4
2011-09-29,2011-09-26,Germany,2011-09,1108.38,2,2
2011-09-29,2011-09-26,Switzerland,2011-09,505.48,1,1
2011-09-29,2011-09-26,United Kingdom,2011-09,41336.71,95,85
2011-09-30,2011-09-26,EIRE,2011-09,6255.54,3,2
2011-09-30,2011-09-26,France,2011-09,1949.8999999999999,3,3
2011-09-30,2011-09-26,Germany,2011-09,281.94,1,1
2011-09-30,2011-09-26,Sweden,2011-09,151.68,1,1
2011-09-30,2011-09-26,United Kingdom,2011-09,31394.38,62,53
2011-10-02,2011-09-26,United Kingdom,2011-10,11582.95,34,32
2011-10-03,2011-10-03,France,2011-10,358.4,1,1
2011-10-03,2011-10-03,United Kingdom,2011-10,61917.55,64,47
2011-10-04,2011-10-03,Belgium,2011-10,346.68,1,1
2011-10-04,2011-10-03,Cyprus,2011-10,196.35,1,1
2011-10-04,2011-10-03,Finland,2011-10,310.0,1,1
2011-10-04,2011-10-03,France,2011-10,357.3,2,2
2011-10-04,2011-10-03,Israel,2011-10,138.03,2,1
2011-10-04,2011-10-03,United Kingdom,2011-10,37341.84,67,59
2011-10-05,2011-10-03,Australia,2011-10,16471.77,2,1
2011-10-05,2011-10-03,Channel Islands,2011-10,1761.0,3,1
2011-10-05,2011-10-03,France,2011-10,2059.2,4,3
2011-10-05,2011-10-03,Germany,2011-10,4178.92,4,3
2011-10-05,2011-10-03,Netherlands,2011-10,91.85,1,1
2011-10-05,2011-10-03,Switzerland,2011-10,2539.56,1,1
2011-10-05,2011-10-03,United Kingdom,2011-10,47006.13,79,72
2011-10-06,2011-10-03,Australia,2011-10,678.76,2,1
2011-10-06,2011-10-03,EIRE,2011-10,421.3,1,1
2011-10-06,2011-10-03,France,2011-10,157.0,1,1
2011-10-06,2011-10-03,Germany,2011-10,3954.53,8,7
2011-10-06,2011-10-03,Netherlands,2011-10,841.55,3,1
2011-10-06,2011-10-03,Portugal,2011-10,1730.77,2,1
2011-10-06,2011-10-03,United Kingdom,2011-10,52603.89,99,86
2011-10-07,2011-10-03,Cyprus,2011-10,600.39,1,1
2011-10-07,2011-10-03,Czech Republic,2011-10,277.48,1,1
2011-10-07,2011-10-03,Denmark,2011-10,891.4,1,1
2011-10-07,2011-10-03,EIRE,2011-10,904.14,1,1
2011-10-07,2011-10-03,France,2011-10,675.36,2,2
2011-10-07,2011-10-03,Germany,2011-10,2866.85,5,5
2011-10-07,2011-10-03,Netherlands,2011-10,171.93,1,1
2011-10-07,2011-10-03,Spain,2011-10,422.8,1,1
2011-10-07,2011-10-03,United Kingdom,2011-10,42377.32,72,61
2011-10-09,2011-10-03,United Kingdom,2011-10,12466.81,38,35
2011-10-10,2011-10-10,Belgium,2011-10,332.68,1,1
2011-10-10,2011-10-10,EIRE,2011-10,3201.28,3,2
2011-10-10,2011-10-10,France,2011-10,426.58,2,1
2011-10-10,2011-10-10,Germany,2011-10,282.58,1,1
2011-10-10,2011-10-10,USA,2011-10,1579.51,1,1
2011-10-10,2011-10-10,United Kingdom,2011-10,37257.69,82,77
2011-10-11,2011-10-10,Belgium,2011-10,355.8,1,1
2011-10-11,2011-10-10,Denmark,2011-10,171.66,1,1
2011-10-11,2011-10-10,EIRE,2011-10,1575.79,3,1
2011-10-11,2011-10-10,France,2011-10,4279.71,1,1
2011-10-11,2011-10-10,Germany,2011-10,962.99,2,2
2011-10-11,2011-10-10,Norway,2011-10,6.0,1,1
2011-10-11,2011-10-10,Portugal,2011-10,892.47,1,1
2011-10-11,2011-10-10,Switzerland,2011-10,1527.96,1,1
2011-10-11,2011-10-10,United Kingdom,2011-10,36664.39,67,60
2011-10-12,2011-10-10,EIRE,2011-10,2212.56,5,2
2011-10-12,2011-10-10,Finland,2011-10,954.9300000000001,2,2
2011-10-12,2011-10-10,France,2011-10,1360.29,5,5
2011-10-12,2011-10-10,Germany,2011-10,1232.91,4,4
2011-10-12,2011-10-10,Norway,2011-10,883.51,2,2
2011-10-12,2011-10-10,Switzerland,2011-10,676.37,1,1
2011-10-12,2011-10-10,United Kingdom,2011-10,20410.8,63,57
2011-10-13,2011-10-10,Belgium,2011-10,1491.59,1,1
2011-10-13,2011-10-10,Cyprus,2011-10,2876.85,1,1
2011-10-13,2011-10-10,Finland,2011-10,640.5,1,1
2011-10-13,2011-10-10,France,2011-10,331.72,1,1
2011-10-13,2011-10-10,Germany,2011-10,2129.11,2,2
2011-10-13,2011-10-10,Italy,2011-10,318.06,1,1
2011-10-13,2011-10-10,Portugal,2011-10,1319.01,1,1
2011-10-13,2011-10-10,RSA,2011-10,1002.3100000000001,1,1
2011-10-13,2011-10-10,United Kingdom,2011-10,22930.03,65,58
2011-10-14,2011-10-10,Belgium,2011-10,450.86,1,1
2011-10-14,2011-10-10,Channel Islands,2011-10,862.3199999999999,2,1
2011-10-14,2011-10-10,EIRE,2011-10,406.84,1,1
2011-10-14,2011-10-10,France,2011-10,513.6,1,1
2011-10-14,2011-10-10,Germany,2011-10,2541.78,3,2
2011-10-14,2011-10-10,Portugal,2011-10,642.01,1,1
2011-10-14,2011-10-10,Singapore,2011-10,999.26,1,1
2011-10-14,2011-10-10,Spain,2011-10,3528.34,1,1
2011-10-14,2011-10-10,Sweden,2011-10,15.0,1,1
2011-10-14,2011-10-10,United Kingdom,2011-10,22164.67,58,51
2011-10-16,2011-10-10,United Kingdom,2011-10,22010.96,35,32
2011-10-17,2011-10-17,Belgium,2011-10,358.99,1,1
2011-10-17,2011-10-17,EIRE,2011-10,5449.12,7,2
2011-10-17,2011-10-17,Germany,2011-10,3512.87,4,4
2011-10-17,2011-10-17,Portugal,2011-10,1165.45,3,2
2011-10-17,2011-10-17,Sweden,2011-10,5296.96,1,1
2011-10-17,2011-10-17,United Kingdom,2011-10,31221.85,69,66
2011-10-18,2011-10-17,Austria,2011-10,1043.78,1,1
2011-10-18,2011-10-17,EIRE,2011-10,1512.17,2,2
2011-10-18,2011-10-17,Germany,2011-10,1315.27,3,3
2011-10-18,2011-10-17,Italy,2011-10,1193.32,1,1
2011-10-18,2011-10-17,Netherlands,2011-10,448.92,1,1
2011-10-18,2011-10-17,Spain,2011-10,1019.47,1,1
2011-10-18,2011-10-17,United Kingdom,2011-10,30769.47,68,64
2011-10-19,2011-10-17,Cyprus,2011-10,739.28,1,1
2011-10-19,2011-10-17,EIRE,2011-10,1588.75,1,1
2011-10-19,2011-10-17,France,2011-10,2792.96,2,2
2011-10-19,2011-10-17,Germany,2011-10,2618.61,5,4
2011-10-19,2011-10-17,Portugal,2011-10,149.75,1,1
2011-10-19,2011-10-17,Singapore,2011-10,6068.0599999999995,1,1
2011-10-19,2011-10-17,Spain,2011-10,348.32,1,1
2011-10-19,2011-10-17,United Kingdom,2011-10,23027.79,65,60
2011-10-20,2011-10-17,EIRE,2011-10,3621.35,2,1
2011-10-20,2011-10-17,France,2011-10,1056.9,1,1
2011-10-20,2011-10-17,Germany,2011-10,1118.05,3,3
2011-10-20,2011-10-17,Netherlands,2011-10,25833.56,3,1
2011-10-20,2011-10-17,Spain,2011-10,290.81,1,1
2011-10-20,2011-10-17,United Kingdom,2011-10,29143.39,76,69
2011-10-21,2011-10-17,Belgium,2011-10,300.76,1,1
2011-10-21,2011-10-17,Denmark,2011-10,427.7,1,1
2011-10-21,2011-10-17,EIRE,2011-10,1680.03,2,2
2011-10-21,2011-10-17,Germany,2011-10,1347.05,2,2
2011-10-21,2011-10-17,Netherlands,2011-10,3325.62,3,1
2011-10-21,2011-10-17,USA,2011-10,731.6899999999999,1,1
2011-10-21,2011-10-17,United Kingdom,2011-10,52604.409999999996,52,48
2011-10-23,2011-10-17,United Kingdom,2011-10,12339.16,42,39
2011-10-24,2011-10-24,EIRE,2011-10,646.02,1,1
2011-10-24,2011-10-24,Italy,2011-10,722.4000000000001,1,1
2011-10-24,2011-10-24,Spain,2011-10,401.3,1,1
2011-10-24,2011-10-24,United Kingdom,2011-10,37545.56,70,58
2011-10-25,2011-10-24,Germany,2011-10,1097.16,2,1
2011-10-25,2011-10-24,Italy,2011-10,435.09,1,1
2011-10-25,2011-10-24,Switzerland,2011-10,1635.6599999999999,1,1
2011-10-25,2011-10-24,United Kingdom,2011-10,33068.04,68,62
2011-10-26,2011-10-24,Belgium,2011-10,786.95,1,1
2011-10-26,2011-10-24,Germany,2011-10,119.74,2,1
2011-10-26,2011-10-24,Japan,2011-10,1948.0400000000002,2,2
2011-10-26,2011-10-24,Spain,2011-10,449.45,1,1
2011-10-26,2011-10-24,Switzerland,2011-10,1275.64,2,2
2011-10-26,2011-10-24,United Kingdom,2011-10,29855.5,84,70
2011-10-27,2011-10-24,Finland,2011-10,701.79,1,1
2011-10-27,2011-10-24,France,2011-10,9425.91,6,4
2011-10-27,2011-10-24,Germany,2011-10,485.64,2,2
2011-10-27,2011-10-24,Italy,2011-10,160.0,1,1
2011-10-27,2011-10-24,Netherlands,2011-10,9995.220000000001,3,1
2011-10-27,2011-10-24,Norway,2011-10,1755.06,2,2
2011-10-27,2011-10-24,United Kingdom,2011-10,33313.52,89,80
2011-10-28,2011-10-24,Belgium,2011-10,499.15999999999997,1,1
2011-10-28,2011-10-24,France,2011-10,8990.46,3,2
2011-10-28,2011-10-24,Germany,2011-10,1088.83,2,2
2011-10-28,2011-10-24,Norway,2011-10,1042.66,2,1
2011-10-28,2011-10-24,United Kingdom,2011-10,25669.46,57,54
2011-10-30,2011-10-24,Belgium,2011-10,299.06,1,1
2011-10-30,2011-10-24,EIRE,2011-10,501.65999999999997,1,1
2011-10-30,2011-10-24,France,2011-10,214.74,1,1
2011-10-30,2011-10-24,Italy,2011-10,343.0,1,1
2011-10-30,2011-10-24,Spain,2011-10,2176.45,1,1
2011-10-30,2011-10-24,Sweden,2011-10,454.2,1,1
2011-10-30,2011-10-24,United Kingdom,2011-10,30582.12,90,82
2011-10-31,2011-10-31,Belgium,2011-10,462.85,1,1
2011-10-31,2011-10-31,EIRE,2011-10,596.9100000000001,1,1
2011-10-31,2011-10-31,Finland,2011-10,214.89999999999998,1,1
2011-10-31,2011-10-31,France,2011-10,485.32,2,2
2011-10-31,2011-10-31,Germany,2011-10,785.53,4,4
2011-10-31,2011-10-31,Iceland,2011-10,1294.32,1,1
2011-10-31,2011-10-31,Italy,2011-10,317.82,1,1
2011-10-31,2011-10-31,United Kingdom,2011-10,28890.920000000002,52,50
2011-11-01,2011-10-31,EIRE,2011-11,2047.05,2,1
2011-11-01,2011-10-31,France,2011-11,1854.81,3,3
2011-11-01,2011-10-31,Italy,2011-11,120.0,1,1
2011-11-01,2011-10-31,United Kingdom,2011-11,25110.95,70,69
2011-11-02,2011-10-31,Australia,2011-11,624.24,1,1
2011-11-02,2011-10-31,France,2011-11,633.44,1,1
2011-11-02,2011-10-31,Germany,2011-11,171.23000000000002,1,1
2011-11-02,2011-10-31,Italy,2011-11,85.92,1,1
2011-11-02,2011-10-31,Netherlands,2011-11,4486.91,3,1
2011-11-02,2011-10-31,Poland,2011-11,981.95,1,1
2011-11-02,2011-10-31,United Kingdom,2011-11,31751.010000000002,75,73
2011-11-03,2011-10-31,Australia,2011-11,375.24,1,1
2011-11-03,2011-10-31,France,2011-11,1653.98,3,2
2011-11-03,2011-10-31,Germany,2011-11,817.97,2,2
2011-11-03,2011-10-31,Norway,2011-11,311.73,1,1
2011-11-03,2011-10-31,Portugal,2011-11,202.3,1,1
2011-11-03,2011-10-31,Spain,2011-11,372.7,1,1
2011-11-03,2011-10-31,United Kingdom,2011-11,56938.19,91,78
2011-11-04,2011-10-31,Australia,2011-11,601.44,1,1
2011-11-04,2011-10-31,Belgium,2011-11,1673.03,2,2
2011-11-04,2011-10-31,Finland,2011-11,1321.28,2,2
2011-11-04,2011-10-31,France,2011-11,461.91,2,1
2011-11-04,2011-10-31,Poland,2011-11,379.28,1,1
2011-11-04,2011-10-31,Spain,2011-11,738.57,1,1
2011-11-04,2011-10-31,United Kingdom,2011-11,50923.73,78,65
2011-11-06,2011-10-31,Channel Islands,2011-11,1303.14,2,1
2011-11-06,2011-10-31,Germany,2011-11,1184.05,3,3
2011-11-06,2011-10-31,Norway,2011-11,419.06,1,1
2011-11-06,2011-10-31,Sweden,2011-11,671.69,1,1
2011-11-06,2011-10-31,Switzerland,2011-11,6207.67,1,1
2011-11-06,2011-10-31,United Kingdom,2011-11,33155.73,93,81
2011-11-07,2011-11-07,Belgium,2011-11,754.5,1,1
2011-11-07,2011-11-07,EIRE,2011-11,1157.33,4,2
2011-11-07,2011-11-07,Germany,2011-11,548.85,2,2
2011-11-07,2011-11-07,Portugal,2011-11,222.26000000000002,1,1
2011-11-07,2011-11-07,Spain,2011-11,140.0,1,1
2011-11-07,2011-11-07,United Kingdom,2011-11,25956.3,81,74
2011-11-08,2011-11-07,Belgium,2011-11,506.55,2,1
2011-11-08,2011-11-07,France,2011-11,1388.77,2,2
2011-11-08,2011-11-07,Spain,2011-11,573.71,1,1
2011-11-08,2011-11-07,United Kingdom,2011-11,35826.090000000004,94,91
2011-11-09,2011-11-07,EIRE,2011-11,826.04,1,1
2011-11-09,2011-11-07,France,2011-11,1068.82,2,2
2011-11-09,2011-11-07,Germany,2011-11,449.4,1,1
2011-11-09,2011-11-07,United Kingdom,2011-11,59144.92,114,97
2011-11-10,2011-11-07,EIRE,2011-11,1003.03,1,1
2011-11-10,2011-11-07,France,2011-11,2128.03,7,6
2011-11-10,2011-11-07,Germany,2011-11,1341.6000000000001,4,3
2011-11-10,2011-11-07,Netherlands,2011-11,9823.12,3,1
2011-11-10,2011-11-07,Spain,2011-11,808.99,2,2
2011-11-10,2011-11-07,United Kingdom,2011-11,55408.52,108,99
2011-11-11,2011-11-07,EIRE,2011-11,2506.77,3,2
2011-11-11,2011-11-07,France,2011-11,2225.96,5,5
2011-11-11,2011-11-07,Germany,2011-11,3028.82,7,6
2011-11-11,2011-11-07,Portugal,2011-11,305.3,1,1
2011-11-11,2011-11-07,Sweden,2011-11,223.68,1,1
2011-11-11,2011-11-07,Switzerland,2011-11,292.58,1,1
2011-11-11,2011-11-07,United Kingdom,2011-11,28498.260000000002,75,71
2011-11-13,2011-11-07,Austria,2011-11,586.85,1,1
2011-11-13,2011-11-07,EIRE,2011-11,3353.93,2,1
2011-11-13,2011-11-07,France,2011-11,123.08,1,1
2011-11-13,2011-11-07,United Kingdom,2011-11,24543.920000000002,79,72
2011-11-14,2011-11-14,Austria,2011-11,742.9300000000001,1,1
2011-11-14,2011-11-14,EIRE,2011-11,348.21000000000004,1,1
2011-11-14,2011-11-14,Finland,2011-11,408.34000000000003,1,1
2011-11-14,2011-11-14,France,2011-11,1666.42,3,3
2011-11-14,2011-11-14,Germany,2011-11,598.38,2,2
2011-11-14,2011-11-14,Portugal,2011-11,511.09,2,2
2011-11-14,2011-11-14,Sweden,2011-11,1238.48,1,1
2011-11-14,2011-11-14,United Kingdom,2011-11,53263.86,93,82
2011-11-15,2011-11-14,Australia,2011-11,5355.4,2,1
2011-11-15,2011-11-14,EIRE,2011-11,2246.31,5,2
2011-11-15,2011-11-14,France,2011-11,809.22,2,2
2011-11-15,2011-11-14,Germany,2011-11,893.41,2,2
2011-11-15,2011-11-14,Sweden,2011-11,181.66,1,1
2011-11-15,2011-11-14,United Kingdom,2011-11,38243.0,92,85
2011-11-16,2011-11-14,EIRE,2011-11,4741.78,2,2
2011-11-16,2011-11-14,France,2011-11,1575.28,2,2
2011-11-16,2011-11-14,Germany,2011-11,3612.12,10,8
2011-11-16,2011-11-14,Netherlands,2011-11,232.5,1,1
2011-11-16,2011-11-14,United Kingdom,2011-11,38278.08,109,98
2011-11-17,2011-11-14,Belgium,2011-11,1492.31,2,2
2011-11-17,2011-11-14,Channel Islands,2011-11,211.63,1,1
2011-11-17,2011-11-14,Denmark,2011-11,1794.05,1,1
2011-11-17,2011-11-14,EIRE,2011-11,1602.42,2,1
2011-11-17,2011-11-14,Finland,2011-11,234.32999999999998,2,1
2011-11-17,2011-11-14,France,2011-11,3264.02,4,3
2011-11-17,2011-11-14,Germany,2011-11,3720.96,5,5
2011-11-17,2011-11-14,Italy,2011-11,248.2,1,1
2011-11-17,2011-11-14,Japan,2011-11,4808.48,1,1
2011-11-17,2011-11-14,Malta,2011-11,743.43,1,1
2011-11-17,2011-11-14,Portugal,2011-11,58.349999999999994,1,1
2011-11-17,2011-11-14,Spain,2011-11,1184.06,2,2
2011-11-17,2011-11-14,United Kingdom,2011-11,36523.06,113,105
2011-11-18,2011-11-14,Belgium,2011-11,1040.39,1,1
2011-11-18,2011-11-14,Cyprus,2011-11,460.89,1,1
2011-11-18,2011-11-14,EIRE,2011-11,785.5600000000001,1,1
2011-11-18,2011-11-14,France,2011-11,1072.68,3,3
2011-11-18,2011-11-14,Germany,2011-11,1135.37,4,3
2011-11-18,2011-11-14,Italy,2011-11,1363.16,2,2
2011-11-18,2011-11-14,Netherlands,2011-11,166.0,1,1
2011-11-18,2011-11-14,Norway,2011-11,936.64,1,1
2011-11-18,2011-11-14,Switzerland,2011-11,925.64,1,1
2011-11-18,2011-11-14,United Kingdom,2011-11,28864.920000000002,88,84
2011-11-20,2011-11-14,Belgium,2011-11,265.83,1,1
2011-11-20,2011-11-14,EIRE,2011-11,917.54,1,1
2011-11-20,2011-11-14,France,2011-11,838.71,2,2
2011-11-20,2011-11-14,Germany,2011-11,219.0,1,1
2011-11-20,2011-11-14,Netherlands,2011-11,158.24,1,1
2011-11-20,2011-11-14,Spain,2011-11,1094.23,2,2
2011-11-20,2011-11-14,United Kingdom,2011-11,26697.37,90,83
2011-11-21,2011-11-21,EIRE,2011-11,900.6,2,1
2011-11-21,2011-11-21,France,2011-11,397.72,1,1
2011-11-21,2011-11-21,Germany,2011-11,718.7,2,2
2011-11-21,2011-11-21,Italy,2011-11,1757.55,1,1
2011-11-21,2011-11-21,Portugal,2011-11,430.48,1,1
2011-11-21,2011-11-21,Spain,2011-11,427.48,1,1
2011-11-21,2011-11-21,United Kingdom,2011-11,40700.6,88,78
2011-11-22,2011-11-21,Belgium,2011-11,301.25,1,1
2011-11-22,2011-11-21,EIRE,2011-11,2055.2,3,1
2011-11-22,2011-11-21,France,2011-11,943.63,2,2
2011-11-22,2011-11-21,Germany,2011-11,1055.37,2,2
2011-11-22,2011-11-21,Italy,2011-11,611.19,2,2
2011-11-22,2011-11-21,Netherlands,2011-11,809.6,2,2
2011-11-22,2011-11-21,Sweden,2011-11,406.72,1,1
2011-11-22,2011-11-21,United Kingdom,2011-11,43481.93,117,109
2011-11-23,2011-11-21,EIRE,2011-11,177.33,1,1
2011-11-23,2011-11-21,Finland,2011-11,310.0,1,1
2011-11-23,2011-11-21,France,2011-11,348.38,2,1
2011-11-23,2011-11-21,Germany,2011-11,712.01,3,3
2011-11-23,2011-11-21,Italy,2011-11,385.06,1,1
2011-11-23,2011-11-21,Netherlands,2011-11,10078.64,3,1
2011-11-23,2011-11-21,Spain,2011-11,2990.0,1,1
2011-11-23,2011-11-21,Switzerland,2011-11,430.57,2,1
2011-11-23,2011-11-21,United Kingdom,2011-11,56547.94,116,97
2011-11-24,2011-11-21,Australia,2011-11,286.4,1,1
2011-11-24,2011-11-21,EIRE,2011-11,207.14000000000001,1,1
2011-11-24,2011-11-21,France,2011-11,2241.87,2,2
2011-11-24,2011-11-21,Germany,2011-11,4244.42,8,5
2011-11-24,2011-11-21,Portugal,2011-11,859.12,2,2
2011-11-24,2011-11-21,Spain,2011-11,178.48,1,1
2011-11-24,2011-11-21,United Kingdom,2011-11,30561.68,94,86
2011-11-25,2011-11-21,EIRE,2011-11,293.78999999999996,1,1
2011-11-25,2011-11-21,France,2011-11,1260.31,3,3
2011-11-25,2011-11-21,Germany,2011-11,125.22,1,1
2011-11-25,2011-11-21,Norway,2011-11,2016.78,1,1
2011-11-25,2011-11-21,United Kingdom,2011-11,22978.56,68,64
2011-11-27,2011-11-21,EIRE,2011-11,829.91,1,1
2011-11-27,2011-11-21,United Kingdom,2011-11,16471.05,55,50
2011-11-28,2011-11-28,EIRE,2011-11,1878.83,2,1
2011-11-28,2011-11-28,France,2011-11,1227.3400000000001,3,2
2011-11-28,2011-11-28,Germany,2011-11,1409.88,2,2
2011-11-28,2011-11-28,United Kingdom,2011-11,47315.62,107,92
2011-11-29,2011-11-28,Belgium,2011-11,281.9,1,1
2011-11-29,2011-11-28,Finland,2011-11,227.20000000000002,1,1
2011-11-29,2011-11-28,France,2011-11,1339.12,2,2
2011-11-29,2011-11-28,Germany,2011-11,1358.86,4,3
2011-11-29,2011-11-28,Japan,2011-11,3651.6,1,1
2011-11-29,2011-11-28,Spain,2011-11,170.74,1,1
2011-11-29,2011-11-28,Switzerland,2011-11,262.5,1,1
2011-11-29,2011-11-28,United Kingdom,2011-11,41559.76,115,99
2011-11-30,2011-11-28,Denmark,2011-11,905.52,1,1
2011-11-30,2011-11-28,EIRE,2011-11,1594.64,3,2
2011-11-30,2011-11-28,Finland,2011-11,569.09,1,1
2011-11-30,2011-11-28,France,2011-11,2813.59,5,5
2011-11-30,2011-11-28,Germany,2011-11,679.4,2,2
2011-11-30,2011-11-28,Netherlands,2011-11,119.0,1,1
2011-11-30,2011-11-28,Norway,2011-11,2843.29,1,1
2011-11-30,2011-11-28,Portugal,2011-11,56.0,1,1
2011-11-30,2011-11-28,United Kingdom,2011-11,31900.7,84,78
2011-12-01,2011-11-28,EIRE,2011-12,676.95,2,1
2011-12-01,2011-11-28,Finland,2011-12,890.0,1,1
2011-12-01,2011-11-28,France,2011-12,931.39,2,2
2011-12-01,2011-11-28,Germany,2011-12,695.87,2,2
2011-12-01,2011-11-28,United Kingdom,2011-12,41339.78,111,105
2011-12-02,2011-11-28,Belgium,2011-12,310.32,1,1
2011-12-02,2011-11-28,Finland,2011-12,342.76,2,2
2011-12-02,2011-11-28,France,2011-12,1579.25,3,3
2011-12-02,2011-11-28,Germany,2011-12,67.0,1,1
2011-12-02,2011-11-28,Portugal,2011-12,1436.93,1,1
2011-12-02,2011-11-28,USA,2011-12,269.96,1,1
2011-12-02,2011-11-28,United Kingdom,2011-12,40707.47,105,86
2011-12-04,2011-11-28,EIRE,2011-12,773.54,1,1
2011-12-04,2011-11-28,France,2011-12,1031.89,3,3
2011-12-04,2011-11-28,Germany,2011-12,1179.8700000000001,3,3
2011-12-04,2011-11-28,United Kingdom,2011-12,17390.66,55,51
2011-12-05,2011-12-05,Channel Islands,2011-12,198.4,1,1
2011-12-05,2011-12-05,Denmark,2011-12,168.9,1,1
2011-12-05,2011-12-05,EIRE,2011-12,587.4,2,1
2011-12-05,2011-12-05,France,2011-12,797.48,2,1
2011-12-05,2011-12-05,Germany,2011-12,284.25,2,2
2011-12-05,2011-12-05,Norway,2011-12,147.01,1,1
2011-12-05,2011-12-05,Portugal,2011-12,252.25,1,1
2011-12-05,2011-12-05,Sweden,2011-12,238.0,1,1
2011-12-05,2011-12-05,USA,2011-12,615.28,1,1
2011-12-05,2011-12-05,United Kingdom,2011-12,54913.24,104,95
2011-12-06,2011-12-05,Belgium,2011-12,898.77,2,2
2011-12-06,2011-12-05,France,2011-12,1403.94,4,4
2011-12-06,2011-12-05,Greece,2011-12,680.99,1,1
2011-12-06,2011-12-05,Italy,2011-12,200.45000000000002,1,1
2011-12-06,2011-12-05,Portugal,2011-12,718.4300000000001,1,1
2011-12-06,2011-12-05,Spain,2011-12,172.06,1,1
2011-12-06,2011-12-05,United Kingdom,2011-12,42069.4,100,93
2011-12-07,2011-12-05,EIRE,2011-12,3856.89,3,1
2011-12-07,2011-12-05,France,2011-12,1117.6200000000001,2,2
2011-12-07,2011-12-05,Germany,2011-12,2879.2599999999998,4,3
2011-12-07,2011-12-05,Iceland,2011-12,224.82,1,1
2011-12-07,2011-12-05,Netherlands,2011-12,11477.42,2,1
2011-12-07,2011-12-05,Portugal,2011-12,400.58,1,1
2011-12-07,2011-12-05,Spain,2011-12,144.15,1,1
2011-12-07,2011-12-05,United Kingdom,2011-12,49253.47,90,84
2011-12-08,2011-12-05,Austria,2011-12,683.2,1,1
2011-12-08,2011-12-05,EIRE,2011-12,1084.14,1,1
2011-12-08,2011-12-05,France,2011-12,165.9,1,1
2011-12-08,2011-12-05,Germany,2011-12,1188.2,1,1
2011-12-08,2011-12-05,Netherlands,2011-12,250.6,1,1
2011-12-08,2011-12-05,United Kingdom,2011-12,47147.37,108,100
2011-12-09,2011-12-05,Belgium,2011-12,208.64000000000001,1,1
2011-12-09,2011-12-05,France,2011-12,249.45,1,1
2011-12-09,2011-12-05,Germany,2011-12,1689.72,4,4
2011-12-09,2011-12-05,Norway,2011-12,2638.69,2,1
2011-12-09,2011-12-05,United Kingdom,2011-12,179562.78,33,28
